Code,Airport Name
AAC,Al Arish Egypt
AAE,Annaba Algeria
AAG,Arapoti Brazil
AAL,Aalborg Denmark
AAN,Al Ain United Arab Emirates
AAQ,Anapa Russia
AAR,Aarhus Denmark - Tirstrup
AAT,Altay China
AAY,Al Ghaydah Yemen
ABA,Abakan Russia
ABD,Abadan Iran
ABE,Allentown PA
ABE,Bethlehem PA
ABE,Easton PA
ASDBBSFSDFG,asfsdfg cd
,asdsdfas
sasdf,
asasdf,asdf,dfewe,4fv,se3
ABI,Abilene TX
ABJ,Abidjan Cote d'Ivoire
ABK,Kabri Dar Ethiopia
ABL,Ambler AK
ABM,Bamaga Australia
ABQ,Albuquerque NM
ABR,Aberdeen SD
ABS,Abu Simbel Egypt
ABT,Al-Baha Saudi Arabia
ABV,Abuja Nigeria
ABX,Albury Australia
ABZ,Aberdeen United Kingdom
ACA,Acapulco Mexico
ACC,Accra Ghana
ACE,Lanzarote Spain
ACH,Altenrhein Switzerland
ACI,Alderney United Kingdom
ACK,Nantucket MA
ACT,Waco TX
ACV,Arcata CA
ACV,Eureka/Arcata CA
ADA,Adana Turkey
ADB,Izmir Turkey
ADD,Addis Ababa Ethopia
ADE,Aden Yemen
ADJ,Amman Jordan - Civil/Marka Airport
ADK,Adak Island AK
ADL,Adelaide Australia
ADQ,Kodiak AK
ADU,Ardabil Iran
ADZ,San Andres Island Colombia
AEO,Aioun El Atrouss Mauritania
AEP,Buenos Aires Argentina - Jorge Newbery
AER,Adler/Sochi Russia
AES,Aalesund Norway
AET,Allakaket AK
AEX,Alexandria LA
AEY,Akureyri Iceland
AFA,San Rafael Argentina
AFT,Afutara Soloman Islands
AGA,Agadir Morocco
AGB,Augsburg/Munich Germany
AGD,Anggi Indonesia
AGE,Wangerooge Germany
AGF,Agen France
AGH,Argelholm/Helsingborg Sweden
AGJ,Aguni Japan
AGL,Wanigela Papua New Guinea
AGN,Angoon AK
AGP,Malaga Spain
AGR,Agra India
AGS,Augusta GA
AGT,Ciudad del Este Paraguay
AGU,Aguascalientes Mexico
AGV,Acarigua Venezuela
AHB,Abha Saudi Arabia
AHN,Athens GA
AHO,Alghero Italy
AHU,Al Hoceima Morocco
AIA,Alliance NE
AIC,Airok Marshall Islands
AIM,Ailuk Island Marshall Islands
AIN,Wainwright AK
AIT,Aitutaki Cook Islands
AIU,Atiu Island Cook Islands
AIY,Atlantic City NJ
AJA,Ajaccio France
AJF,Jouf Saudi Arabia
AJI,Agri Turkey
AJL,Aizawl India
AJR,Arvidsjaur Sweden
AJU,Araca Brazil
AKA,Ankang China
AKB,Atka AK
AKF,Kufrah Libya
AKI,Akiak AK
AKJ,Asahikawa Japan
AKL,Auckland New Zealand
AKN,King Salmon AK
AKP,Anaktueuk AK
AKS,Auki Solomon Islands
AKU,Aksu China
AKV,Akulivik QC
AKX,Aktyubinsk Kazakhstan
AKX,Almaty Kazakhstan
AKY,Sittwe Myanmar
ALB,Albany NY
ALC,Alicante Spain
ALF,Alta Norway
ALG,Algiers Algeria
ALJ,Alexander Bay South Africa
ALM,Alamogordo NM
ALO,Waterloo IA
ALP,Aleppo Syrian Arab Republic
ALS,Alamosa CO
ALW,Walla Walla WA
ALY,Alexandria Egypt
AMA,Amarillo TX
AMD,Ahmedabad India
AMH,Arba Mintch Ethiopia
AMI,Mataram Indonesia
AMM,Amman Jordan - Queen Alia International
AMO,Mao Chad
AMQ,Ambon Indonesia
AMS,Amsterdam Netherlands
AMV,Amderma Russia
AMY,Ambatomainty Madagascar
ANC,Anchorage AK
ANE,Angers France - Marce
ANF,Antofagasta Chile
ANG,Angouleme France
ANI,Aniak AK
ANK,Ankara Turkey - Etimesqut
ANM,Antalaha Madagascar
ANR,Antwerp Belgium - Deurne Airport
ANU,Antigua Antigua and Barbuda
ANU,V.C. Bird International Antigua & Barbuda
ANV,Anvik AK
ANX,Andenes Norway
AOI,Ancona Italy
AOJ,Aomori Japan
AOK,Karpathos Greece
AOL,Paso de Los Libres Argentina
AOO,Altoona PA
AOO,Martinsburg PA
AOR,Alorsetar Malaysia
AOT,Aosta Italy
APF,Naples FL
APL,Nampula Mozambique
APN,Alpena MI
APO,Apartado Colombia
APW,Apia Western Samoa
AQG,Anging China
AQI,Qaisumah Saudi Arabia
AQJ,Aqaba Jordan
AQP,Arequipa Peru
ARC,Arctic Village AK
ARD,Alor Island Indonesia
ARH,Arkangelsk Russia
ARI,Arica Chile
ARK,Arusha Tanzania
ARM,Armidale Australia
ARN,Stockholm Sweden - Arlanda
ARP,Aragip Papua New Guinea
ARR,Alto Rio Senguerr Argentina
ART,Watertown NY
ARU,Aracatuba Brazil
ARW,Arad Romania
ASB,Ashgabat Turkmenistan
ASE,Aspen CO
ASF,Astrakhan Russia
ASJ,Amami O Shima Japan
ASM,Asmara Eritrea
ASO,Asosa Ethopia
ASP,Alice Springs Australia
ASR,Kayseri Turkey
ASU,Asuncion Paraguay
ASV,Amboseli Kenya
ASW,Aswan Egypt
ATC,Arthur's Town Bahamas
ATD,Atoifi Solomon Islands
ATH,Athens Greece
ATK,Atqasuk AK
ATL,Atlanta GA
ATM,Altamira Brazil
ATN,Namatana Papua New Guinea
ATQ,Amritsar India
ATW,Appleton WI
ATY,Watertown SD
ATZ,Assiut Egypt
AUA,Aruba Aruba
AUC,Arauca Colombia
AUG,Augusta ME
AUH,Abu Dhabi United Arab Emirates
AUK,Alakanuk AK
AUL,Aur Island Marshall Islands
AUP,Agaun Papua New Guinea
AUQ,Atuona French Polynesia
AUR,Aurillac France
AUS,Austin TX
AUU,Aurukun Australia
AUX,Araguaina Brazil
AUY,Aneityum Vanuatu
AVI,Ciego De Avila Cuba
AVL,Asheville NC
AVL,Hendersonville NC
AVN,Avignon France
AVP,Scranton PA
AVP,Wilkes Barre PA
AWD,Aniwa Vanuatu
AWZ,Ahwaz Iran
AXA,Anguilla Anguilla
AXD,Alexandroupolis Greece
AXK,Ataq Yemen
AXM,Armenia Colombia
AXP,Spring Point Bahamas
AXT,Akita Japan
AYQ,Ayers Rock Australia
AYT,Antalya Turkey
AYW,Ayawaki Indonesia
AZB,Amazon Bay Papua New Guinea
AZD,Yazd Iran
AZN,Andizhan Uzbekistan
AZO,Kalamazoo MI
AZR,Adrar Algeria
BAH,Bahrain Bahrain
BAL,Batman Turkey
BAQ,Barranquilla Colombia
BAS,Balalae Solomon Islands
BAU,Bauru Brazil
BAV,Baotou China
BAX,Barnaul Russia
BAY,Baia Mare Romania
BBA,Balmaceda Chile
BBI,Bhubaneswar India
BBK,Kasane Botswana
BBM,Battambang Cambodia
BBN,Bario Malaysia
BBO,Berbera Somalia
BBU,Bucharest Romania - Baneasa
BCA,Baracoa Cuba
BCD,Bacolod Philippines
BCI,Barcaldine Australia
BCL,Barra Colorado Costa Rica
BCN,Barcelona Spain
BCO,Jinka Ethiopia
BCQ,Brack Libya
BDA,Bermuda Bermuda
BDA,Hamilton Bermuda
BDB,Bundaberg Australia
BDD,Badu Island Australia
BDH,Bandar Lengeh Iran
BDJ,Banjarmasin Indonesia
BDL,Hartford CT
BDL,Windsor Locks CT
BDO,Bandung Indonesia
BDP,Bhadrapur Nepal
BDQ,Vadodara India
BDS,Brindisi Italy
BDU,Bardufoss Norway
BEB,Benbecula United Kingdom
BED,Bedford MA
BEG,Belgrade Serbia and Montenegro - Beograd
BEH,Benton Harbor MI
BEI,Beica Ethiopia
BEJ,Berau Indonesia
BEL,Belem Brazil
BEN,Benghazi Libya
BEO,Newcastle New South Wales Australia - Belmont
BER,Berlin Germany - All airports
BES,Brest France
BET,Bethel AK
BEU,Bedourie Australia
BEW,Beira Mozambique
BEY,Beirut Lebanon
BFD,Bradford PA
BFF,Scottsbluff NE
BFL,Bakersfield CA
BFN,Bloemfontein South Africa
BFQ,Bahia Pinas Panama
BFS,Belfast Northern Ireland United Kingdom
BFV,Buri Ram Thailand
BGA,Bucaramanga Colombia
BGF,Banqui Central African Republic
BGI,Bridgetown Barbados
BGM,Binghamton NY
BGM,Endicott NY
BGM,Johnson City NY
BGO,Bergen Norway
BGR,Bangor ME
BGY,Milan Italy - Orio Al Serio
BHB,Bar Harbour ME
BHD,Belfast United Kingdom
BHE,Blenheim New Zealand
BHG,Brus Laguna Honduras
BHH,Bisha Saudi Arabia
BHI,Bahia Blanca Argentina
BHJ,Bhuj India
BHK,Bukhara Uzbekistan
BHM,Birmingham AL
BHO,Bhopal India
BHQ,Broken Hill Australia
BHR,Bharatpur Nepal
BHS,Bathurst Australia
BHU,Bhavnagar India
BHV,Bahawalpur Pakistan
BHX,Birmingham United Kingdom
BHY,Beihai China
BIA,Bastia France
BID,Block Island RI
BII,Bikini Atoll Marshall Islands
BIK,Biak Indonesia
BIL,Billings MT
BIM,Bimini Bahamas
BIO,Bilbao Spain
BIQ,Biarritz France
BIR,Biratragar Nepal
BIS,Bismarck ND
BJA,Bejaia Algeria
BJB,Bojnord Iran
BJF,Batsfijord Norway
BJI,Bemidji MN
BJL,Banjul Gambia
BJM,Bujumbura Burundi
BJR,Baharpar Ethiopia
BJV,Bodrum Turkey
BJX,Guanajuato Mexico
BJX,Leon Mexico
BJZ,Badajcz Spain
BKA,Moscow Russia - Bykovo
BKC,Buckland AK
BKI,Kota Kinabalu Malaysia
BKK,Bangkok Thailand
BKO,Bamako Mali
BKQ,Blackall Australia
BKS,Bengkulu Indonesia
BKW,Beckley WV
BKX,Brookings SD
BKZ,Bukoba Malaysia
BLA,Barcelona Venezuela
BLE,Borlange Sweden
BLF,Bluefield WV
BLF,Princeton WV
BLG,Belaga Mozambique
BLI,Bellingham WA
BLJ,Batna Algeria
BLK,Blackpool United Kingdom
BLL,Billund Denmark
BLR,Bangalore India
BLT,Blackwater Australia
BLV,Belleville IL
BLZ,Blantyre Malawi
BMA,Stockholm Sweden - Bromma
BMD,Belo Madagascar
BME,Broome Australia
BMI,Bloomington IL
BMK,Borkum Germany
BMO,Bhamo Myanmar
BMP,Brampton Island Australia
BMU,Bima Indonesia
BMV,Banmethuot Viet Nam - Phung-Doc
BMY,Belep Island New Caledonia
BNA,Nashville TN
BND,Bandar Abbas Iran
BNE,Brisbane Queensland Australia
BNJ,Bonn Germany
BNK,Ballina Australia
BNN,Bronnoysund Norway
BNP,Bannu Pakistan
BNS,Barinas Venezuela
BNX,Banja Luka Bosnia Herzegovina
BNY,Bellona Solomon Islands
BOA,Boma Congo
BOB,Bora Bora French Polynesia
BOC,Bocas Del Toro Panama
BOD,Bordeaux France
BOG,Bogota Colombia
BOH,Bournemouth United Kingdom
BOI,Boise ID
BOJ,Bourgas Bulgaria
BOM,Bombay India
BOM,Mumbai India
BON,Bonaire Netherlands Antilles
BOO,Bodo Norway
BOS,Boston MA
BOV,Boang Papua New Guinea
BOX,Borroloola Australia
BPF,Batuna Solomon Islands
BPN,Balikpapan Indonesia
BPS,Porto Seguro Brazil
BPT,Beaumont/Port Arthur TX
BPT,Port Arthur/Beaumont TX
BPX,Bangda China
BPY,Besalampy Madagascar
BQH,London United Kingdom - Biggin Hill
BQK,Brunswick GA
BQL,Boulia Australia
BQN,Aguadilla Puerto Rico
BQS,Blagoveschensk Russia
BRA,Barreiras Brazil
BRC,San Carlos Argentina
BRD,Brainerd MN
BRE,Bremen Germany
BRI,Bari Italy
BRK,Bourke Australia
BRL,Burlington IA
BRM,Barquisimeto Venezuela
BRN,Berne Switzerland - Belp Airport
BRO,Brownsville TX
BRQ,Brno Czech Republic - Turany
BRR,Barra United Kingdom
BRS,Bristol United Kingdom
BRT,Bathurst Island Australia
BRU,Brussels Belgium - National
BRW,Barrow AK
BSA,Bossaro Somalia
BSB,Brasilia DF Brazil
BSC,Bahia Solano Colombia
BSD,Baoshan China
BSK,Biskra Algeria
BSL,Basel Switzerland
BSO,Basco Philippines
BTH,Batam Indonesia
BTI,Barter Island AK
BTJ,Banda Aceh Indonesia
BTK,Bratsk Russia
BTM,Butte MT
BTR,Baton Rouge LA
BTS,Bratislava Slovakia
BTT,Bettles AK
BTU,Bintulu Malaysia
BTV,Burlington VT
BUA,Buka Papua New Guinea
BUC,Burketown Australia
BUD,Budapest Hungary
BUF,Buffalo NY
BUI,Bokondini Indonesia
BUO,Burao Somalia
BUQ,Bulawayo Zimbabwe
BUR,Burbank CA
BUS,Batumi Georgia
BUZ,Bashehr Iran
BVA,Paris France - Beauvais-Tille
BVB,Boavista Brazil
BVC,Boa Vista Cape Verde
BVE,Brive-La-Gaillarde France - Laroche
BVG,Berlevag Norway
BVH,Vilhena Brazil
BVI,Birdsville Australia
BWA,Bhairawa Nepal
BWD,Brawnwood TX
BWE,Braunschweig Denmark
BWG,Bowling Green KY
BWI,Baltimore MD
BWK,Bol Croatia
BWN,Bandar Seri Begawan Brunei
BWQ,Brewarrina Australia
BWT,Burnie Australia
BXB,Babo Indonesia
BXD,Bade Indonesia
BXM,Batom Indonesia
BXR,Bam Iran
BXU,Butuan Philippines
BXZ,Bunsil Papua New Guinea
BYA,Boundary AK
BYM,Bayamo Cuba
BYU,Bayreuth Germany
BZE,Belize City Belize - International
BZG,Bydgoszcz Poland
BZI,Balikesir Turkey
BZL,Barisal Bangladesh
BZN,Bozeman MT
BZO,Bolzano Italy
BZR,Beziers France
BZV,Brazzaville Congo
CAC,Cascavel Brazil
CAE,Columbia SC
CAG,Cagliari Italy
CAI,Cairo Egypt
CAK,Akron/Canton OH
CAK,Canton/Akron OH
CAL,Campbeltown United Kingdom
CAN,Guangzhou China
CAP,Cap Haitien Haiti
CAQ,Caucasia Colombia
CAS,Canaima Venezuela
CAS,Casablanca Morocco - Anfa
CAW,Campos Brazil
CAY,Cayenne French Guiana
CAZ,Cobar Australia
CBB,Cochabamba Bolivia
CBE,Cumberland MD
CBG,Cambridge United Kingdom
CBH,Bechar Algeria
CBL,Ciudad Bolivar Venezuela
CBO,Cotabato Philippines
CBQ,Calabar Nigeria
CBR,Canberra Australia
CCF,Carcassonne France
CCJ,Kozhikode India
CCM,Criciuma Brazil
CCP,Concepcion Chile
CCR,Concord CA
CCS,Caracas Venezuela
CCU,Calcutta India
CCU,Kolkata India
CCV,Craig Cove Vanuatu
CDB,Cold Bay AK
CDC,Cedar City UT
CDG,Paris France - Charles Degaulle
CDR,Chadron NE
CDV,Cordova AK
CEB,Cebu Philippines - Matan International
CEC,Crescent City CA
CED,Cedun Australia
CEE,Cherepovets Russia
CEE,Chevepovets Russia
CEG,Chester United Kingdom
CEI,Chiang Rai Thailand
CEK,Chelybinsk Russia
CEM,Central AK
CEN,Ciudad Obregon Mexico
CEQ,Cannes France - Mandelieu
CEZ,Cortez CO
CFA,Coffee Point AK
CFE,Clermont-ferrand France
CFN,Donegal Ireland
CFR,Caen France
CFS,Coffs Harbor Australia
CFU,Kerkyra Greece
CGA,Craig AK
CGB,Cuiaba Brazil
CGD,Changde China
CGH,Sao Paulo Brazil - Congonhas
CGI,Cape Girardeau MO
CGK,Jakarta Indonesia
CGN,Cologne Germany - Cologne/Bonn
CGO,Zhengzha China
CGP,Chittagong Bangladesh
CGQ,Changchun China
CGR,Campo Grande Brazil
CGY,Cagayan De Oro Philippines - Lumbia
CHA,Chattanooga TN
CHC,Christchurch New Zealand
CHG,Chaoyang China
CHI,Chicago IL - All airports
CHO,Charlottesville VA
CHP,Circle Hot Springs AK
CHQ,Chania Greece
CHS,Charleston SC
CHT,Chatham Island New Zealand
CHU,Chuathbaluk AK
CHX,Changuinda Panama
CHY,Choiseul Bay Solomon Islands
CIA,Rome Italy - Ciampino
CIC,Chico CA
CID,Cedar Rapids IA
CIF,Chifeng China
CIJ,Cobija Bolivia
CIK,Chalkyitsik AK
CIP,Chipata Zambia
CIT,Shimkent Kazakhstan
CIU,Sault Ste Marie MI
CIW,Canouan Saint Vincent and the Grenadines
CIX,Chicayo Peru
CJA,Cajamarca Peru
CJB,Coimbatore India
CJC,Calama Chile
CJJ,Cheongju South Korea
CJL,Chitral Pakistan
CJS,Ciudad Juarez Mexico
CJU,Jeju South Korea - Jeju Airport metro area
CKB,Clarksburg WV
CKG,Chongqing China
CKI,Croker Island Australia
CKO,Crooked Creek AK
CKS,Carajas Brazil
CKX,Chicken AK
CKY,Conakry Guinea
CLD,Carlsbad CA
CLE,Cleveland OH
CLJ,Cluj Romania
CLL,College Station TX
CLM,Port Angeles WA
CLO,Cali Colombia
CLP,Clarks Point AK
CLQ,Colima Mexico
CLT,Charlotte NC
CLY,Calvi France
CMA,Cunnamulla Australia
CMB,Colombo Sri Lanka
CME,Ciudad Del Carmen Mexico
CMF,Chambery France
CMG,Corumba Brazil
CMH,Columbus OH
CMI,Champaign/Urbana IL
CMI,Urbana/Champaign IL
CMJ,Chi Mei Taiwan
CMK,Club Makokola Malawi
CMN,Casablanca Morocco - Mohamed V
CMU,Kundiawa Papau New Guinea
CMW,Camaguey Cuba
CMX,Hancock MI
CNB,Coonamble Australia
CNC,Coconut Island Australia
CND,Constanta Romania
CNF,Belo Horizonte Brazil - Tancredo Neves Intl.
CNF,Blo Horizonte Brazil
CNJ,Cloncurry Australia
CNK,Concordia KS
CNM,Carlsbad NM
CNP,Neerlerit Inaat Greenland
CNQ,Corrientes Argentina
CNS,Cairns Australia
CNX,Chiang Mai Thailand
CNY,Moab UT
COC,Concordia Argentina
COC,Cotarou Benin
COD,Cody/Yellowstone WY
COD,Yellowstone/Cody WY
COG,Condoto Colombia
COK,Cochin India
COR,Cordoba Argentina
COS,Colorado Springs CO
COU,Columbia MO
CPC,San Martin De Los Andes Argentina
CPD,Coober Pedy Australia
CPE,Campeche Mexico
CPH,Copenhagen Denmark
CPI,Cape Orford Papua New Guinea
CPO,Copiapo Chile
CPQ,Campinas Brazil
CPR,Casper WY
CPT,Cape Town South Africa
CPV,Campina Grande Brazil
CRD,Camodoro Argentina
CRI,Crooked Island Bahamas
CRL,Brussels Belguim - Charleroi
CRP,Corpus Christi TX
CRV,Crotone Italy
CRW,Charleston WV
CSG,Columbus GA
CSI,Casino Australia
CST,Castaway Fiji
CSY,Cheboksary Russia
CTA,Catania Italy
CTC,Catamarca Argentina
CTD,Chitre Panama
CTG,Cartagena Colombia
CTL,Charleville Australia
CTM,Chetumal Mexico
CTN,Cooktown Australia
CTS,Sapporo Japan - Chitose
CTU,Chergdu China
CUC,Cucata Colombia
CUE,Cuenca Ecuador
CUL,Culiacan Mexico
CUM,Cumana Venezuela
CUN,Cancun Mexico
CUP,Carupani Venezuela
CUQ,Coen Australia
CUR,Curacao Netherlands Antilles
CUU,Chihuahua Mexico
CUW,Cube Cove AK
CUZ,Cuzco Peru
CVC,Cleve Australia
CVG,Cincinnati OH
CVJ,Cuernavaca Mexico
CVL,Cape Vogel Papua New Guinea
CVM,Ciudad Victoria Mexico
CVN,Clovis NM
CVO,Albany OR - Bus service
CVQ,Carnarvon Australia
CVU,Corvo Island Portugal
CWA,Stevens Point/Wausau WI
CWA,Wausau/Stevens Point WI
CWB,Curitiba Brazil
CWL,Cardiff United Kingdom
CXB,Cox's Bazar Bangladesh
CXH,Vancouver BC - Coal Harbour
CXJ,Caxias Do Sul Brazil
CYB,Cayman Brac Is Cambodia
CYF,Chefornak AK
CYI,Chiayi Taiwan
CYO,Cayo Largo Del Sur Cuba
CYS,Cheyenne WY
CZE,Coro Venezuela
CZH,Corozal Belize
CZL,Constantine Algeria
CZM,Cozumel Mexico
CZN,Chisana AK
CZS,Cruzeiro Do Sul Brazil
CZX,Changzhou China
DAB,Daytona Beach FL
DAC,Dhaka Bangledesh - Zia International
DAD,Da Nang Viet Nam
DAL,Dallas TX - Love Field
DAM,Damascus Syrian Arab Republic
DAR,Dar Es Salaam Tanzania
DAU,Daru Papua New Guinea
DAV,David Panama
DAX,Daxian China
DAY,Dayton OH
DBM,Debra Marcos Ethiopia
DBO,Dubbo Australia
DBQ,Dubuque IA
DBT,Debra Tabor Ethiopia
DBV,Dubrovnik Croatia
DCA,Washington DC - National
DCF,Dominica Dominica - Cane Field
DCM,Castres France
DDC,Dodge City KS
DDI,Daydream Is Australia
DDM,Dodoima Papua New Guinea
DEA,Dera Ghazi Pakistan
DEC,Decatur IL
DEL,Delhi India
DEM,Dembidollo Ethiopia
DEN,Denver CO - International
DER,Derim Papua New Guinea
DEZ,Deirezzor Syria - Al Jafrah
DFW,Dallas TX - Dallas/Ft Worth Intl.
DFW,Fort Worth/Dallas TX
DGA,Dangriga Belize
DGE,Mudgee Australia
DGO,Durango Mexico
DGT,Dumaguete Philippines
DHN,Dothan AL
DIB,Dibrugarn India
DIE,Antsiranana Madagascar
DIJ,Dijon France
DIK,Dickinson ND
DIL,Dili Indonesia
DIN,Dien Bien Phu Viet Nam - Gialam
DIR,Dire Dawa Ethiopia
DIU,Div India
DIY,Diyarbakir Turkey
DJB,Jambi. Indonesia
DJE,Djerba Tunisia
DJG,Djanet Algeria
DJJ,Jayapura Indonesia
DJN,Delta Junction AK
DKI,Dunk Island Australia
DKR,Dakar Senegal
DLA,Dovala Cameroon
DLC,Dalian China
DLG,Dillingham AK
DLH,Duluth MN
DLI,Dalat Viet Nam - Lienkhang
DLM,Dalaman Turkey
DLU,Dali City China
DLY,Dillons Bay Vanuata
DMD,Doomadgee Australia
DME,Moscow Russia - Domodedovo
DMM,Dammam Saudi Arabia
DMU,Dimapur India
DND,Dundee United Kingdom
DNH,Dunhuang China
DNK,Dnepropetrovsk Ukraine
DNM,Denham Australia
DNR,Dinard France
DNZ,Denizli Turkey
DOB,Dobo Indonesia
DOD,Dodoma Tanzania
DOG,Dongola Sudan
DOH,Doha Qatar
DOK,Donetsk Ukraine
DOL,Deauville France
DOM,Dominica Dominica - Melville Hall
DOU,Dourados Brazil
DPL,Dipolog Philippines
DPO,Devonport Australia
DPS,Denpasar Bali Indonesia
DRB,Derby Australia
DRG,Deering AK
DRH,Dabra Indonesia
DRO,Durango CO
DRS,Dresden Germany
DRT,Del Reo TX
DRW,Darwin Northern Territory Australia
DSE,Dessie Ethiopia
DSK,Dera Ismail Khan Pakistan
DSM,Des Moines IA
DTD,Datadawai Indonesia
DTM,Dortmund Germany
DTT,Detroit MI - All airports
DTW,Detroit MI - Metro/Wayne County
DUB,Dublin Ireland
DUD,Dunedin New Zealand
DUJ,Dubois PA
DUM,Dumai Indonesia
DUQ,Duncan/Quam BC
DUR,Durban South Africa
DUS,Dusseldorf Germany - International
DUT,Dutch Harbor AK
DVL,Devil's Lake ND
DVO,Davao Philipines - Mati
DWB,Soalala Madagascar
DXB,Dubai United Arab Emirates - International
DYG,Dayang China
DYR,Anadyr Russia
DYU,Dushanbe Tajikistan
DZA,Dzaoudzi Mayotte
EAE,Emae Vanuata
EAM,Nejran Saudi Arabia
EAR,Kearney NE
EAS,San Sebastian Spain
EAT,Wenatchee WA
EAU,Eau Claire WI
EBA,Elba Island Italy
EBB,Entebbe Uganda
EBD,El Obeid Sudan
EBJ,Esbjerg Denmark - Esbjerg Airport
EBO,Ebon Marshall Islands
EBU,St. Etienne France
ECN,Ercan Cyprus
EDA,Edna Bay AK
EDI,Edinburgh United Kingdom
EDL,Eldoret Kenya
EDO,Edremit Turkey
EDR,Edward River Australia
EEK,Eek AK
EEN,Keene NH
EFL,Kefallinia Greece
EGC,Bergerac France
EGE,Vail CO - Eagle County Airport
EGL,Neghelli Ethiopia
EGM,Sege Solomon Islands
EGN,Geneina Sudan
EGO,Belgorod Russia
EGS,Egilsstadir Iceland
EHL,El Bolsan Argentina
EHM,Cape Newenham AK
EIB,Eisenach Germany
EIN,Eindhoven Netherlands
EIS,Beef Island British Virgin Islands
EJA,Barran Cabermeja Colombia
EJH,Wedjh Saudi Arabia
EKO,Elko NV
ELC,Elcho Island Australia
ELD,El Dorado AR
ELE,El Real Panama
ELF,El Fasher Sudan
ELH,Eleuthera Island Bahamas
ELH,North Eleuthera Bahamas
ELI,Elim AK
ELM,Elmira NY
ELP,El Paso TX
ELQ,Gassim Saudi Arabia
ELS,East London South Africa
ELU,El Oved Algeria
ELV,Elfin Cove AK
EMA,Nottingham United Kingdom
EMD,Emerald Australia
EMK,Emmonak AK
EMN,Nema Mauritania
EMO,Emo Papua New Guinea
EMS,Embessa Papua New Guinea
EMX,El Maiten Argentina
ENA,Kenai AK
ENE,Ende Indonesia
ENF,Enontekio Finland
ENH,Enshi China
ENT,Enewetak Island Marshall Islands
ENU,Enugu Nigeria
ENY,Yan'an China
EOH,Medellin Colombia - Enrique Olaya Herrera
EOI,Eday United Kingdom
EPL,Epinal France
EPR,Esperance Australia
EPS,El Portillo/Samana Dominician Republic - El Portillo
EQS,Esquel Argentina
ERC,Erzincan Turkey
ERF,Erfurt Germany
ERI,Erie PA
ERZ,Erzurum Turkey
ESB,Ankara Turkey - Esenboga
ESC,Escanaba MI
ESL,Elista Russia
ESM,Esmeraldas Ecuador
ESR,El Salvador Chile
ETH,Elat Italy
ETZ,Metz/Nancy France
EUE,Eureka NV
EUG,Eugene OR
EUN,Laayoune Morocco
EUX,St. Eustatius Netherlands Antilles
EVE,Harstad-Narvik Norway
EVG,Sveg Sweden
EVN,Yerevan Armenia
EVV,Evansville IN
EWE,Ewer Indonesia
EWI,Enarotali Indonesia
EWR,Newark NJ
EXM,Exmouth Gulf Australia
EXT,Eveter United Kingdom
EYL,Yelimane Mali
EYP,El Yopal Colombia
EYW,Key West FL
EZE,Buenos Aires Argentina - Ministro Pistarini
EZS,Elazig Turkey
FAE,Faroe Islands Faroe Islands
FAI,Fairbanks AK
FAJ,Fajard Puerto Rico
FAO,Faro Portugal
FAR,Fargo ND
FAT,Fresno CA
FAV,Fakarava French Polynesia
FAY,Fayetteville NC
FBM,Lumbashi Congo
FCO,Rome Italy - Leonardo Da Vinci/Fiumicino
FDE,Forde Norway
FDF,Fort De France Martinique
FDH,Friedrichshafer Germany
FEG,Fergana Uzbekistan
FEN,Fernando De Noronha Brazil
FEZ,Fez Morocco
FGI,Apia Western Samoa
FIE,Fair Isle United Kingdom
FIH,Kinshasa Congo
FIZ,Fitzroy Crossing Australia
FJR,Al-Fujairah United Arab Emirates
FKB,Karlsruhe/Badern Baden Germany
FKL,Franklin PA
FKQ,Fak Fak Indonesia
FKS,Fukushima Japan
FLA,Florencia Colombia
FLF,Flensburg Germany
FLG,Flagstaff AZ
FLL,Fort Lauderdale FL
FLN,Florianopolis Brazil
FLO,Florence SC
FLR,Florence Italy - Peretola
FLW,Flores Island Portugal
FMA,Formosa Argentina
FMN,Farmington NM
FMO,Muenster Germany
FNA,Freetown Sierra Leone - Lungi Intl
FNC,Funchal Portugal
FNI,Nimes France
FNJ,Pyongyang North Korea
FNL,Fort Collins/Loveland CO - Municipal Airport
FNL,Loveland/Fort Collins CO - Municipal Airport
FNT,Flint MI
FOC,Fuzhou China
FOD,Fort Dodge IA
FOE,Topeka KS
FOG,Foggia Italy
FOR,Fortaleza Brazil
FPO,Freeport Bahamas
FRA,Frankfurt Germany - International
FRC,Franca Brazil
FRE,Fera Island Solomon Islands
FRO,Floro Norway
FRS,Flores Guatemala
FRU,Bishkek Kyrgyzstan
FRW,Francistown Botswana
FSC,Figari France
FSD,Sioux Falls SD
FSM,Fort Smith AR
FSP,St Pierre St Pierre and Miquelon
FTA,Futuna Island Vanuatu
FTU,Fort Dauphin Madagascar
FUE,Fuerteventura Spain
FUE,Puerto del Rosario Spain
FUG,Fuyang China
FUJ,Fukue Japan
FUK,Fukuoka Japan
FUN,Funafuti Atol Tuvalu
FUT,Futuna Island Wallis and Futuna Islands
FWA,Fort Wayne IN
FYR,Skopie Macedonia
FYV,Fayetteville AR - Municipal/Drake
FZO,Filton United Kingdom
GAF,Gafsa Tunisia
GAJ,Yamagata Japan
GAN,Gan Island Maldives
GAO,Guantanamo Cuba
GAR,Garaina Papua New Guinea
GAU,Gawahati India
GAX,Gamba Gabon
GBE,Gaborone Botswana
GBL,Goulburn Island Australia
GCC,Gillette WY
GCI,Guernsey United Kingdom
GCK,Garden City KS
GCM,Grand Cayman Cayman Islands
GCN,Grand Canyon AZ - National Park
GDE,Gode/Iddidole Ethopia
GDL,Guadalajara Mexico
GDN,Gdansk Poland
GDQ,Gondari Ethiopia
GDT,Grand Turk Island Turks and Caicos Islands
GDV,Glendive MT
GDX,Magadan Russia
GDZ,Gelendzik Russia
GEA,Noumea New Caledonia - Magenta
GEB,Gebe Indonesia
GEG,Spokane WA
GEL,Santo Angelo Brazil
GEO,Georgetown Guyana
GER,Nueva Gerona Cuba
GES,General Santos Philippines
GET,Geraldton Australia
GEV,Gallivare Sweden
GFF,Griffith Australia
GFK,Grand Forks ND
GFN,Grafton Australia
GGG,Gladewater/Kilgore TX
GGG,Kilgore/Gladewater TX
GGG,Longview TX
GGN,Gagnoa Cote d'Ivoire
GGS,Gobernador Gregores Argentina
GGT,George Town Bahamas
GGW,Glasgow MT
GHA,Ghardala Algeria
GHB,Governors Harbour Bahamas
GHE,Garachine Panama
GHT,Ghat Libya
GIB,Gibraltar Gibraltar
GIC,Boiju Island Australia
GIG,Rio De Janeiro RJ Brazil
GIL,Gilgit Pakistan
GIS,Gisborne New Zealand
GIZ,Gizan Saudi Arabia
GJA,Guanaja Honduras
GJL,Jijel Algeria
GJT,Grand Junction CO
GKA,Goroka Papua New Guinea
GLA,Glasgow United Kingdom - Glasgow International
GLF,Golfito Costa Rica
GLH,Greenville MS
GLI,Glen Innes Australia
GLT,Gladstone Australia
GLV,Golovin AK
GMB,Gambela Ethiopia
GMP,Seoul South Korea - Gimpo International
GNB,Grenoble France
GND,Grenada Grenada
GNU,Goodnews Bay AK
GNV,Gainesville FL
GOA,Genoa Italy
GOB,Goba Ethiopia
GOE,Gonalia Papua New Guinea
GOH,Nuuk Greenland
GOI,Goa India
GOJ,Nizhniy Novgorod Russia
GON,Groton/New London CT
GON,New London/Groton
GOQ,Golmud China
GOR,Gore Ethiopia
GOT,Gothenburg Sweden - Landvetter
GOV,Garoua Cameroon
GOV,Gove Australia
GPA,Patras Greece
GPN,Garden Point Australia
GPS,Galapagos Ecuador
GPT,Biloxi/Gulfport MS
GPT,Gulfport MS
GPZ,Grand Rapids MN
GRB,Green Bay WI
GRI,Grand Island NE
GRJ,George South Africa
GRL,Garasa Papua New Guinea
GRO,Gerona Spain
GRQ,Groningen Netherlands
GRR,Grand Rapids MI
GRU,Sao Paulo Brazil - Guarulhos Intl
GRW,Graciosa Island Portugal
GRX,Granada Spain
GRY,Grimsey Iceland
GRZ,Graz Austria
GSE,Gothenburg Sweden - Saeve
GSO,Greensboro NC
GSO,High Point NC
GSP,Greenville/Spartanburg SC
GSP,Spartanburg/Greenville SC
GST,Gustavus AK
GTE,Groofe Eylandt Australia
GTF,Great Falls MT
GTO,Gorontalo Indonesia
GTR,Columbus MS
GUA,Guatemala City Guatemala
GUB,Guerrero Negro Mexico
GUC,Gunnison CO
GUD,Goundam Mali
GUI,Guiria Venezuela
GUM,Guam
GUP,Gallup NM
GUR,Alotau Papua New Guinea
GUW,Atyrau Kazakhstan
GVA,Geneva Switzerland
GVR,Governador Valadares Brazil
GWD,Gwadar Pakistan
GWL,Gwalior India
GWT,Westerland Germany
GWY,Galway Ireland
GXF,Seiyun Yemen
GYA,Guayaramerin Bolivia
GYD,Baku Azerbaijan
GYE,Guayaquil Ecuador
GYL,Argyle Australia
GYM,Guaymas Mexico
GYN,Goiania Brazil
GYY,Gary IN
GZA,Gaza City Occupied Palestinian Territory
GZM,Gozo Malta
GZO,Gizo Solomon Islands
GZT,Gaziatep Turkey
HAA,Hasvik Norway
HAC,Hachijo Jima Japan
HAD,Halmstad Sweden
HAE,Havasupai AZ
HAH,Moroni Comoros
HAJ,Hanover Germany
HAK,Haikou China
HAM,Hamburg Germany - Fuhisbuettel
HAN,Hanoi Viet Nam - Noibai
HAP,Long Island Australia
HAQ,Hanimaadhoo Maldives
HAS,Hail Saudi Arabia
HAU,Haugesund Norway
HAV,Havana Cuba
HBA,Hobart Australia
HBB,Hobbs NM
HBE,Borg El Arab Egypt
HCQ,Halls Creek Australia
HCR,Holy Cross AK
HDB,Heidelberg Germany
HDF,Heringsdorf Germany
HDN,Hayden CO
HDS,Hoedspruit South Africa
HDY,Hat Yai Thailand
HEH,Heno Myanmar
HEL,Helsinki Finland
HER,Heraklian Greece
HET,Hohhot China
HEX,Santo Domingo Dominican Republic - Herrera
HFA,Haifa Israel
HFE,Hefei China
HFN,Hornafjordur Iceland
HFS,Hagfors Sweden
HFT,Hammerfest Norway
HGA,Hargeisa Somolia
HGD,Hughenden Australia
HGH,Hangzhou China
HGL,Helgoland Germany
HGN,Mae Hong Son Thailand
HGR,Hagerstown MD
HGU,Mount Hagen Papua New Guinea
HHH,Hilton Head SC
HHN,Frankfurt Germany - Hahn
HHQ,Hualtin Thailand
HIB,Chisholm/Hibbing MN
HIB,Hibbing/Chisholm MN
HID,Horn Island Australia
HII,Lake Havasu City AZ
HIJ,Hiroshima Japan - International
HIL,Shillavo Ethiopia
HIN,Jinju South Korea - Sancheon
HIR,Honiara Solomon Islands
HIS,Hayman Island Australia
HIT,Hivaro Papua New Guinea
HIW,Hiroshima Japan - Hiroshima West
HJR,Khajuraho India
HKB,Healy Lake AK
HKD,Hakodate Japan
HKG,Hong Kong Hong Kong
HKK,Hokitika New Zealand
HKN,Hoskins Papua New Guinea
HKT,Phuket Thailand
HKY,Hickory NC
HLD,Hailar China
HLF,Hultsfred Sweden
HLH,Ulanhot China
HLN,Helena MT
HLZ,Hamilton New Zealand
HME,Hassi Messaoud Algeria
HMO,Hermosillo Mexico
HMV,Hermavan Sweden
HNA,Morioka Japan
HND,Tokyo Japan - Haneda
HNH,Hoonah AK
HNL,Honolulu HI - Island of Oahu
HNM,Hana HI - Island of Maui
HNS,Haines AK
HOD,Hodeidah Yemen
HOE,Houeisay Laos
HOF,Hofuf Saudi Arabia
HOG,Holguin Cuba
HOK,Hooker Australia
HOM,Homer AK
HON,Huron SD
HOQ,Hof Germany
HOR,Horta Portugal
HOT,Hot Springs AR
HOU,Houston TX - All airports
HOU,Houston TX - Hobby
HOV,Orsta-Volda Norway
HPA,HaApa Tonga
HPB,Hooper Bay AK
HPH,Haiphong Viet Nam - Catbi
HPN,Westchester County NY
HRB,Harbin China
HRE,Harare Zimbabwe
HRG,Hurghada Egypt
HRK,Kharkov Ukraine
HRL,Harlingen TX
HRO,Harrison AR
HSL,Huslia AK
HSN,Zhoushan China
HSV,Huntsville AL
HTA,Chita Russia
HTI,Hamilton Island Australia
HTN,Hotan China
HTR,Hateruma Japan
HTS,Ashland KY/Huntington WV
HTS,Huntington WV/Ashland KY
HUF,Terre Haute IN
HUH,Huahine French Polynesia
HUI,Hue Viet Nam
HUN,Hualien Taiwan - Phi Bai
HUQ,Houn Libya
HUS,Hughes AK
HUU,Huanuco French Polynesia
HUV,Hudiksvall Sweden
HUX,Huatulco Mexico
HUY,Humberside United Kingdom
HVA,Analalava Madagascar
HVB,Hervey Bay Australia
HVG,Honningsvag Norway
HVN,New Haven CT
HVR,Havre MT
HWN,Hwange Nat Park Zimbabwe
HYA,Hyannis MA
HYD,Hyderabad India
HYG,Hydaburg AK
HYL,Hollis AK
HYN,Huargyan China
HYS,Hays KS
HZG,Hanzhang China
IAA,Igarka Russia
IAD,Washington DC - Dulles
IAH,Houston TX - Intercontinental
IAM,In Amenas Algeria
IAN,Kiana AK
IAR,Yaroslavl Russia
IAS,Iasi Romania
IBE,Ibague Colombia
IBZ,Ibiza Spain
ICI,Cicia Fiji
ICN,Seoul South Korea - Incheon International
ICT,Wichita KS
IDA,Idaho Falls ID
IDN,Indagen Papua New Guinea
IDR,Indore India
IEG,Zielana Poland
IEV,Kiev Ukraine - Zhulhany
IFJ,Isafjordur Iceland
IFN,Isfahan Iran
IFO,Ivano-Frankovsk Ukraine
IFP,Bullhead City/Laughlin AZ
IGA,Inagua Bahamas
IGG,Igiugig AK
IGM,Kingman AZ
IGR,Iguazu Argentina
IGU,Iguassu Falls PR Brazil
IHU,Ihu Papua New Guinea
IKO,Nikolski AK
IKS,Tiksi Russia
IKT,Irkutsk Russia
ILA,Illaga Indonesia
ILE,Killeen TX
ILF,Ilford MB
ILI,Iliamna AK
ILM,Wilmington NC
ILO,Iloilo Philippines - Mandurriao
ILP,Ile Des Pins New Caledonia
ILY,Islay United Kingdom
IMF,Imphal India
IMP,Imperatriz Brazil
IMT,Iron Mountain MI
INA,Inta Russia
INC,Yinchuan China
IND,Indianapolis IN
ING,Lago Argentina Argentina
INL,International Falls MN
INN,Innsbruck Austria
INU,Nauru Island Nauru
INV,Inverness United Kingdom
INX,Inanwatan Indonesia
IOA,Ioannina Greece
IOM,Isle of Man United Kingdom
IOP,Ioma Papua New Guinea
IOS,Ilheus Brazil
IPA,Ipota Vanuatu
IPE,Ipil Philippines
IPH,Ipoh Malaysia
IPI,Ipiales Colombia
IPL,El Centro CA
IPL,Imperial CA
IPN,Ipatinga Brazil
IPT,Williamsport PA
IQM,Qiemo China
IQQ,Iquique Chile
IQT,Iquitos Peru
IRA,Kirakira Solomon Islands
IRC,Circle AK
IRG,Lockhart River Australia
IRJ,La Rioja Argentina
IRK,Kirksville MO
ISA,Mount Isa Australia
ISB,Islamabad Pakistan
ISC,Isles of Scilly United Kingdom - St Marys
ISG,Ishigakij Japan
ISN,Williston ND
ISP,Islip NY
IST,Istanbul Turkey
ITB,Itaituba Brazil
ITH,Ithaca NY
ITK,Itokama Papua New Guinea
ITM,Osaka Japan - Itami
ITO,Hilo HI - Island of Hawaii
IUE,Niue Island Niue
IUL,Ilu Indonesia
IVA,Ambanja Madagascar
IVC,Invercargill New Zealand
IVL,Ivalo Finland
IVR,Inverell Australia
IWD,Ironwood MI
IWJ,Iwami Japan
IXA,Agartala India
IXB,Bagdogra India
IXC,Chandigarh India
IXE,Mangalore India
IXJ,Jommu India
IXL,Leh India
IXM,Madurai India
IXR,Ranchi India
IXS,Silchar India
IXU,Aurangabad India
IXZ,Port Blair India
IYK,Inyokern CA
IZO,Izumo Japan
IZT,Ixtepec Mexico
JAC,Jackson Hole WY
JAG,Jacobabad Pakistan
JAI,Jaipur India
JAL,Jalapa Mexico
JAN,Jackson MS
JAQ,Jacquinot Bay Papua New Guinea
JAT,Jabor Marshall Islands
JAV,Ilulissat Greenland
JAX,Jacksonville FL
JBR,Jonesboro AR
JCA,Cannes France - Coisette Heliport
JCK,Julia Creek Australia
JCR,Jacareacanga Brazil
JCU,Ceuta Spain and Canary Islands
JDF,Juiz De Fora Brazil
JDH,Jodhpur India
JDO,Juazeiro Do Norte Brazil
JDZ,Jingdezhen China
JED,Jeddah Saudi Arabia
JEG,Aasiaat Greenland
JEJ,Jeh Marshall Islands
JER,Jersey United Kingdom
JFK,New York NY - Kennedy
JFR,Paamiut Greenland
JGA,Jamnagar India
JGC,Grand Canyon AZ - Heliport
JGN,Jiayuguan China
JGR,Groennedal Greenland
JHB,Johor Malaysia
JHE,Angelholm/Helsingborg Sweden
JHG,Jinghong China
JHM,Kapalua HI - Island of Maui
JHQ,Shute Harbor Australia
JHS,Sisimiut Greenland
JHW,Jamestown NY
JIB,Djibouti Djibouti
JIJ,Jijiga Ethiopia
JIM,Jimma Ethiopia
JIN,Jinja Uganda
JIW,Jiwani Pakistan
JJN,Jinjiang China
JJU,Qaqortoq Greenland
JKG,Jonkoping Sweden
JKR,Janakpur Nepal
JLN,Joplin MO
JMK,Mikonos Greece
JMO,Jomsom Nepal
JMS,Jamestown ND
JMU,Jiamusi China
JNB,Johannesburg South Africa
JNN,Nanortalik Greenland
JNS,Narsaq Greenland
JNU,Juneau AK
JNZ,Jinzhou China
JOE,Joensuu Finland
JOG,Yogyakarta Indonesia
JOI,Joinville Brazil
JON,Johnston Island US Minor Outlying Islands
JPA,Joao Pessoa Brazil
JPR,Ji-Parana Brazil
JQE,Jaque Panama
JRH,Jorhat India
JRO,Kilimanjaro Tanzania
JSI,Skiathos Greece
JSM,Jose De San Martin Argentina
JSR,Jessore Bangladesh
JST,Johnstown PA
JSU,Mariitsoq Greenland
JTR,Thira Greece
JUI,Juist Germany
JUJ,Jujuy Argentina
JUL,Juliaca Peru
JUV,Upernavik Greenland
JUZ,Juzha China
JVA,Ankavandra Madagascar
JVL,Janesville WI
JYV,Jyvaskyla Finland
KAA,Kasama Zambia
KAB,Kariba Zimbabwe
KAC,Kameshli Syrian Arab Republic
KAE,Kake AK
KAG,Gangneung South Korea
KAJ,Kajaani Finland
KAL,Kaltag AK
KAN,Kano Nigeria
KAO,Kuusamo Finland
KAT,Kaitaia New Zealand
KAW,Kawthaung Myanmar
KAX,Kalbarri Australia
KBC,Birch Creek AK
KBF,Karubaga Indonesia
KBL,Kabul Afghanistan
KBM,Kabwun Papua New Guinea
KBP,Kiev Ukraine - Borispol
KBR,Kota Bharu Malaysia
KBT,Kaben Marshall Islands
KBV,Krabi Thailand
KBX,Kambuaya Indonesia
KCC,Coffman Cove AK
KCD,Kamur Indonesia
KCF,Kadanwari Pakistan
KCG,Chignik AK - Fisheries
KCH,Kuching Malaysia
KCL,Chignik AK - Lagoon
KCM,Kahramanmaras Turkey
KCQ,Chignik AK -
KCZ,Kochi Japan
KDD,Khuzdar Pakistan
KDI,Kendari Indonesia
KDL,Kardia Estonia
KDM,Kaadedhdhoo Maldives
KDO,Kadhonoo Maldives
Kee,Cocos Islands Cocos
KEF,Reykjavik Iceland
KEK,Ekwok AK
KEW,Keewaywin ON
KGD,Kaliningrad Russia
KGK,New Koliganek AK
KGL,Kigali Rwanda
KGX,Grayling AK
KHI,Karachi Pakistan - Quaid-E-Azam International
KIF,Kingfisher Lake ON
KIN,Kingston Jamaica - Norman Manley
KIV,Chisinau Republic of Moldova
KIX,Osaka Japan - Kansai Intl
KKH,Kongiganak AK
KKI,Akiachak AK
KKU,Ekuk AK
KLG,Kalskag AK
KLL,Levelock AK
KLW,Klawock AK
KMO,Manokotak AK
KNK,Kakhonak AK
KNW,New Stuyahok AK
KOA,Kona HI - Island of Hawaii
KOT,Kotlik AK
KPB,Point Baker AK
KPC,Port Clarence AK
KPN,Kipnuk AK
KPV,Perryville AK
KQA,Akuton AK
KRK,Krakow Poland
KSM,Saint Mary's AK
KTB,Thorne Bay AK
KTD,Kitadaito Japan
KTM,Kathmandu Nepal
KTN,Ketchikan AK
KTP,Kingston Jamaica - Tinson
KTR,Katherine NT Australia
KTS,Teller Mission AK
KTT,Kittila Finland
KTW,Katowice Poland
KUA,Kuantan Malaysia
KUD,Kudat Malaysia
KUF,Samara Russia
KUG,Kubin Island QL Australia
KUH,Kushiro Japan
KUK,Kasigluk AK
KUL,Kuala Lumpur Malaysia
KUN,Kaunas Lithuania
KUO,Kuopio Finland
KUQ,Kuri Papua New Guinea
KUS,Kulusuk Greenland
KUT,Kutaisi Georgia
KUV,Gunsan South Korea
KUY,Kamusi Papua New Guinea
KVA,Kavala Greece
KVB,Skovde Sweden
KVC,King Cove AK
KVD,Gyandzha Azerbaijan
KVG,Kavieng Papua New Guinea
KVL,Kivalina AK
KWA,Kwajalein Marshall Islands
KWE,Gulyang China
KWF,Waterfall AK
KWG,Krivoy Rog Ukraine
KWI,Kuwait Kuwait
KWJ,Gwangju South Korea
KWK,Kwigillingok AK
KWL,Guilin China
KWM,Kowanyama QL Australia
KWN,Quinhagak AK
KWT,Kwethluk AK
KWY,Kiwayu Kenya
KXA,Kasaan AK
KXK,Komsomolsk Na Amure Russia
KYA,Konya Turkey
KYU,Koyukuk AK
KYX,Yalumet Papua New Guinea
KYZ,Kyzyl Russia
KZF,Kaintiba Papua New Guinea
KZN,Kazan Russia
LAB,Lablab Papua New Guinea
LAD,Luanda Angola
LAE,Lae Papua New Guinea
LAF,Lafayette IN
LAI,Lannion France
LAJ,Lages SC Brazil
LAN,Lansing MI
LAO,Laoag Philippines
LAP,La Paz Mexico
LAQ,Beida Libya - La Braq
LAR,Laramie WY
LAS,Las Vegas NV
LAU,Lamu Kenya
LAW,Lawton OK
LAX,Los Angeles CA
LBA,Leeds United Kingdom
LBB,Lubbock TX
LBC,Hamburg Germany - Luebeck
LBD,Khudzhand Tajikistan
LBE,Latrobe PA
LBF,North Platte NE
LBJ,Labuan Bajo Indonesia
LBL,Liberal KS
LBP,Long Banga Malaysia
LBS,Labasa Fiji
LBU,Labuan Malaysia
LBV,Libreville Gabon
LBW,Long Bawan Indonesia
LCA,Larnaca Cyprus
LCE,La Ceiba Honduras
LCG,La Coruna Spain
LCH,Lake Charles LA
LCY,London United Kingdom - London City
LDB,Londrina PR Brazil
LDC,Lindeman Island QL Australia
LDE,Lourdes/Tarbes France
LDH,Lord Howe Island NS Australia
LDI,Lindi Tanzania
LDU,Lahadbatu Malaysia
LDY,Londonderry United Kingdom
LEA,Learmonth WA Australia
LEB,Hanover NH
LEB,Lebanon NH
LEB,White River VT
LED,Saint Petersburg Russia - Pulkovo
LED,St. Petersburg Russia
LEH,Le Havre France
LEI,Almeria Spain
LEJ,Leipzig Germany
LEQ,Lands End United Kingdom
LER,Leinster WA Australia
LET,Leticia Colombia
LEV,Bureta Fiji
LEX,Lexington KY
LFT,Lafayette LA
LFW,Lome Togo
LGA,New York NY - La Guardia
LGB,Long Beach CA
LGG,Liege Belgium
LGI,Long Island/Deadmans Cay Bahamas
LGK,Langkawi Malaysia
LGL,Long Lellang Malaysia
LGP,Legaspi Philippines
LGQ,Lago Agrio Ecuador
LGS,Malargue MD Argentina
LGW,London United Kingdom - Gatwick
LHE,Lahore Pakistan
LHG,Lightning Ridge NS Australia
LHR,London United Kingdom - Heathrow
LHW,Lanzhau Guinea
LIF,Lifa New Caledonia
LIG,Limoges France
LIH,Kauai Island/Lihue HI
LIH,Lihue HI - Island of Kaui
LII,Mulia Indonesia
LIK,Likiep Island Marshall Islands
LIL,Lille France - Lesquin
LIM,Lima Peru
LIN,Milan Italy - Linate
LIR,Liberia Costa Rica
LIS,Lisbon Portugal
LIT,Little Rock AR
LJG,Lijiang City China
LJU,Ljubliana Slovenia
LKA,Larantuka Indonesia
LKB,Lakeba Fiji
LKE,Seattle WA - Lake Union SPB
LKL,Lakselv Norway
LKN,Leknes Norway
LKO,Lucknow India
LLA,Lulea Sweden
LLI,Lalibela Ethiopia
LLW,Lilongwe Malawi
LMA,Lake Minchumina AK
LML,Lae Island Marshall Islands
LMM,Los Mochis Mexico
LMN,Limbang Malaysia
LMP,Lampedusa Italy
LMT,Klamath Falls OR
LNB,Lamen Bay Vanuatu
LNE,Lonorore Vanuatu
LNK,Lincoln NE
LNO,Leonora WA Australia
LNS,Lancaster PA
LNV,Lihir Island Papua New Guinea
LNY,Lanai City HI - Island of Lanai
LNZ,Linz Austria
LOD,Longana Vanuatu
LOF,Loen Marshall Islands
LOH,Loja Ecuador
LON,London United Kingdom - All airports
LOS,Lagos Nigeria
LOV,Monclova Mexico
LPA,Las Palmas Spain
LPB,La Paz Bolivia
LPI,Lampang Thailand
LPI,Linkoping Sweden
LPL,Liverpool United Kingdom
LPM,Lamap Vanuatu
LPP,Lappeenranta Finland
LPQ,Luang Prabang Laos
LPS,Lopez Island WA
LPU,Long Apung Indonesia
LPY,Le Puy France
LRD,Laredo TX
LRE,Longreach QL Australia
LRH,Larochelle France
LRM,La Romana Dominican Republic
LRT,Lorient France
LSA,Losuia Papua New Guinea
LSC,La Serena Chile
LSE,La Crosse WI
LSI,Shetland Islands United Kingdom - Sumburgh
LSP,Las Piedras Venezuela
LST,Launceston TS Australia
LSY,Lismore NS Australia
LTD,Ghadames Libya
LTK,Latakia Syria
LTN,London United Kingdom - Luton
LTO,Loreto Mexico
LTQ,Le Touquet France
LTT,Saint Tropez France - La Mole
LUA,Lukla Nepal
LUC,Laucala Island Fiji
LUD,Luderitz Namibia
LUG,Lugano Switzerland
LUM,Luxi China
LUN,Lusaka Zambia
LUP,Kalaupapa HI - Island of Molokai
LUQ,San Luis SL Argentina
LUR,Cape Lisburne AK
LUV,Langguri Indonesia
LUW,Luwuk Indonesia
LUX,Luxembourg Luxembourg
LVI,Livingstone Zambia
LVO,Laverton WA Australia
LWB,Lewisburg WV
LWK,Shetland Islands United Kingdom - Lerwick/Tingwall
LWN,Gyourmri Armenia
LWO,Lvov Ukraine
LWS,Lewiston ID
LWT,Lewistown MT
LWY,Lawas Malaysia
LXA,Lhasa China
LXG,Luang Namtha Laos
LXR,Luxor Egypt
LXS,Lemnos Greece
LYA,Luoyang China
LYC,Lyoksele Sweden
LYG,Lianyungang China
LYI,Linyi China
LYP,Faisalabad Pakistan
LYR,Longyearbyen Svalbard & Jan Mayen Island
LYS,Lyon France - Satolas
LYU,Ely MN
LZC,Lozaro Cardenas Mexico
LZH,Liuzhou China
LZO,Luzhou China
LZR,Lizard Island QL Australia
MAA,Chennai India
MAB,Maraba PA Brazil
MAD,Madrid Spain
MAF,Midland/Odessa TX
MAF,Odessa/Midland TX
MAG,Madang Papua New Guinea
MAH,Menorca Spain
MAJ,Majuro Marshall Islands
MAK,Malakai Sudan
MAM,Matamoros Mexico
MAN,Manchester United Kingdom
MAO,Manaus AM Brazil
MAQ,Mae Sot Thailand
MAR,Maracaibo Venezuela
MAS,Manus Island Papua New Guinea
MAT,Natadi Congo
MAU,Maupiti French Polynesia
MAV,Maloelap Island Marshall Islands
MAY,Mangrove Cay Bahamas
MAZ,Mayaguez Puerto Rico
MBA,Mombasa Kenya
MBE,Monbetsu Japan
MBH,Maryborough QL Australia
MBJ,Montego Bay Jamaica
MBL,Manistee MI
MBS,Bay City MI
MBS,Midland MI
MBS,Saginaw MI
MBT,Masbate Philippines
MBX,Maribor Slovenia
MCE,Merced CA
MCG,Mcgrath AK
MCH,Machala Ecuador
MCI,Kansas City MO
MCK,Mccook NE
MCM,Monte Carlo Monaco
MCN,Macon GA
MCO,Orlando FL - International
MCP,Macapa AP Brazil
MCT,Muscat Oman
MCV,Mcarthur River NT Australia
MCW,Mason City IA
MCX,Makhachkala Russia
MCY,Sunshine Coast QL Australia
MCZ,Maceio AL Brazil
MDC,Manado Indonesia
MDE,Medellin Colombia - Jose Marie Cordova
MDG,Mudanjiang China
MDH,Carbondale IL
MDJ,Madras OR
MDK,Mbandaka Congo
MDL,Mandalay Myanmar
MDP,Mindiptana Indonesia
MDQ,Mar Del Plata BA Argentina
MDS,Middle Caicos Turks and Caicos
MDT,Harrisburg PA
MDU,Mendi Papua New Guinea
MDW,Chicago IL - Midway
MDY,Midway Island US Minor Outlying Islands
MDZ,Mendoza MD Argentina
MEC,Manta Ecuador
MED,Madinah Saudi Arabia
MEE,Mare New Caledonia
MEH,Mehamn Norway
MEI,Meridian MS
MEL,Melbourne Victoria Australia
MEM,Memphis TN
MES,Medan Indonesia
MEU,Monte Dourado PA Brazil
MEX,Mexico City Mexico
MFA,Mafia Tanzania
MFE,Mcallen TX
MFE,Mission TX
MFF,Moanda Gabon
MFG,Muzaffarabad Pakistan
MFJ,Moala Fiji
MFM,Macau China
MFO,Manguna Papua New Guinea
MFR,Medford OR
MFU,Mfume Zambia
MGA,Managua Nicaragua
MGB,Mount Gambier SA Australia
MGF,Maringa PR Brazil
MGH,Margate South Africa
MGL,Dusseldorf Germany - Moenchen-Gl.
MGM,Montgomery AL
MGQ,Mogadishu Somalia
MGS,Mangaia Island Cook Islands
MGT,Milingimbi NT Australia
MGW,Morgantown WV
MGZ,Myeik Myanmar
MHD,Mashad Iran
MHG,Mannheim Germany
MHH,Marsh Harbour Bahamas
MHK,Manhattan KS
MHP,Minsk Belarus - Minsk International 1
MHQ,Mariehamn Finland
MHT,Manchester NH
MHU,Mount Hotham VI Australia
MHX,Manihiki Island Cook Islands
MIA,Miami FL - International
MID,Merida Mexico
MII,Marilia SP Brazil
MIJ,Mili Island Marshall Islands
MIK,Mikkeli Finland
MIM,Merimbula NS Australia
MIR,Monastir Tunisia
MIS,Misima Island Papua New Guinea
MJA,Manja Madagascar
MJB,Mejit Island Marshall Islands
MJD,Mohenjodaro Denmark
MJE,Majkin Marshall Islands
MJF,Mosjoen Norway
MJK,Monkey Mia WA Australia
MJL,Mouila Gabon
MJM,Mbuji Mayi Congo
MJN,Majunga Madagascar
MJT,Mytilene Greece
MJV,Murcia Spain
MJZ,Mirnyj Russia
MKE,Milwaukee WI
MKG,Muskegon MI
MKK,Hoolehua HI - Island of Molokai
MKL,Jackson TN
MKM,Mukan Malaysia
MKQ,Merauke Indonesia
MKR,Meekatharra WA Australia
MKS,Mekane Selam Ethiopia
MKT,Mankato MN
MKU,Makokou Gabon
MKW,Manokwari Indonesia
MKY,Mackay QL Australia
MKZ,Malacca Malaysia
MLA,Malta Malta
MLB,Melbourne FL
MLE,Male Maldives
MLH,Mulhouse France
MLI,Moline IL
MLL,Marshall AK
MLM,Morelia Mexico
MLN,Melilla Spain
MLS,Miles City MT
MLU,Monroe LA
MLX,Malatya Turkey
MLY,Manley Hot Springs AK
MMB,Memanbetsu Japan
MMD,Minami Daito Japan
MME,Teesside United Kingdom
MMG,Mount Magnet WA Australia
MMJ,Matsumoto Japan
MMK,Murmansk Russia
MMO,Maio Cape Verde
MMX,Malmo Sweden
MMY,Miyako Jima Japan
MNB,Moanda Congo
MNC,Nacala Mozambique
MNF,Mana Island Fiji
MNG,Maningrioa NT Australia
MNI,Montserrat Montserrat
MNJ,Mananjary Madagascar
MNL,Manila Philippines
MNR,Mangu Zambia
MNT,Minto AK
MNU,Maulmyine Myanmar
MNY,Mono Solomon Islands
MOA,Moa Cuba
MOB,Mobile AL
MOC,Montes Claros MG Brazil
MOD,Modesto CA
MOF,Maumere Indonesia
MOI,Mitiaro Island Cook Islands
MOL,Molde Norway
MON,Mount Cook New Zealand
MOQ,Morondava Madagascar
MOT,Minot ND
MOU,Mountain Village AK
MOV,Moranbah QL Australia
MOW,Moscow Russia - all locations
MOZ,Moorea French Polynesia
MPA,Mpacha Namibia
MPB,Miami FL - Sea Plane Base
MPK,Mokpo South Korea
MPL,Montpellier France
MPM,Maputo Mozambique
MPN,Mount Pleasant Falkland Islands
MPW,Mariupol Ukraine
MQF,Magnitogorsk Russia
MQL,Mildura VI Australia
MQN,Mo I Rana Norway
MQT,Marquette MI
MQX,Makale Ethiopia
MRA,Misurata Libya
MRD,Merida Venezuela
MRE,Mara Lodges Kenya
MRS,Marseille France
MRU,Mauritius Mauritius
MRV,Mineralnye Vody Russia
MRY,Carmel CA
MRY,Monterey CA
MRZ,Moree NS Australia
MSA,Muskrat Dam ON
MSE,Manston United Kingdom
MSJ,Misawa Japan
MSL,Florence/Muscle Shoals/Sheffield AL
MSL,Muscle Shoals AL
MSL,Sheffield/Florence/Muscle Shoals AL
MSN,Madison WI
MSO,Missoula MT
MSP,Minneapolis MN
MSQ,Minsk Belarus - Minsk International 2
MSR,Mus Turkey
MSS,Massena NY
MST,Maastricht Netherlands
MSU,Maseru Lesotho
MSY,New Orleans LA
MTF,Mizan Teferi Ethiopia
MTJ,Montrose CO
MTM,Metlakatla AK
MTR,Monteria Colombia
MTS,Manzini Swaziland
MTT,Minatitla Mexico
MTV,Mota Lava Vanuatu
MTY,Monterrey Mexico
MUA,Munda Solomon Islands
MUB,Maun Botswana
MUC,Munich Germany
MUE,Kamuela HI - Island of Hawaii
MUH,Mersa Matruh Egypt
MUK,Mauke Island Cook Islands
MUN,Maturin Venezuela
MUR,Marudi Malaysia
MUX,Multan Pakistan
MUZ,Musoma Tanzania
MVB,Franceville Gabon
MVD,Montevideo Uruguay
MVR,Marova Cameroon
MVS,Mucuri BA Brazil
MVY,Martha's Vineyard MA
MWA,Marion IL
MWE,Merave Sudan
MWF,Maewo Vanuatu
MWH,Moses Lake WA
MWZ,Mwanza Tanzania
MXH,Moro Papua New Guinea
MXL,Mexicali Mexico
MXM,Morambe Madagascar
MXP,Milan Italy - Malpensa
MXS,Maota Savaii Is Western Samoa
MXT,Maintirano Madagascar
MXX,Mora Sweden
MXZ,Meixian China
MYA,Moruya NS Australia
MYC,Maracay Venezuela
MYD,Malindi Kenya
MYE,MiyakeJima Japan
MYG,Mayaguana Bahamas
MYI,Murray Island QL Australia
MYJ,Matsuyama Japan
MYR,Myrtle Beach SC
MYT,Myitkyina Myanmar
MYU,Mekoryuk AK
MYW,Mtwara Tanzania
MYX,Menyamya Papua New Guinea
MYY,Miri Malaysia
MZG,Makung Taiwan
MZI,Mopti Mali
MZL,Manizales Colombia
MZO,Manzanillo Cuba
MZT,Mazatlan Mexico
MZV,Mulu Malaysia
NAA,Narrabri NS Australia
NAG,Nagpur India
NAJ,Nakhichevan Azerbaijan
NAK,Nakhon Ratchosima Thailand
NAL,Nalchik Russia
NAN,Nadi Fiji
NAO,Nanchong China
NAP,Naples Italy
NAS,Nassau Bahamas - Paradise Island
NAT,Natal RN Brazil
NAW,Narathiwat Thailand
NBO,Nairobi Kenya - Jomo Kenyatta Intl
NBX,Nabire Indonesia
NCA,North Caicos Turks and Caicos Islands
NCE,Nice France
NCL,Newcastle United Kingdom
NCN,New Chenega AK
NCU,Nukus Uzbekistan
NCY,Annecy France
NDB,Nouadhiba Mauritania
NDG,Qiqihar China
NDI,Namudi Papua New Guinea
NDJ,Ndjamena Chad
NDK,Namorik Island Marshall Islands
NDM,Mendi Ethiopia
NDR,Nadar Morocco
NDY,Sanday United Kingdom
NDZ,Nordholz-Speika Germany
NEG,Negril Jamaica
NER,Neryjungri Russia
NEV,Nevis St. Kitts and Nevis
NFG,Nefteyugansk Russia
NFO,Niuafo'ou Tonga
NGB,Ningbo China
NGE,Ngaoundere Cameroon
NGI,Ngau Island Fiji
NGO,Nagoya Japan - Chubu CentrAir Intl
NGO,Nagoya Japan - Nagoya Komaki APT
NGS,Nagasaki Japan
NGX,Manang Nepal
NHA,Nha Trang Viet Nam
NHV,Nuku Hiva French Polynesia
NIB,Nikolai AK
NIC,Nicosia Cyprus
NIM,Niamey Niger
NIX,Nioko Congo
NJC,Nizhnevartovsk Russia
NKC,Nouakchott Mauritania
NKD,Sinak Indonesia
NKG,Nanking/Nanjing China
NKI,Naukiti AK
NLA,Ndola Zambia
NLD,Nuevo Laredo Mexico
NLF,Darnley Island QL Australia
NLG,Nelson Lagoon AK
NLK,Norfolk Island Norfolk Island
NLP,Nelspruit South Africa
NMA,Namangan Uzbekistan
NME,Nightmute AK
NMG,San Miguel Panama
NNB,Santa Ana Solomon Islands
NNG,Nanning China
NNL,Nondalton AK
NNM,Naryan-Mar Russia
NNT,Nan Thailand
NNX,Nunukan Indonesia
NNY,Nanyang China
NOB,Nosara Beach Costa Rica
NOC,Knock Ireland
NOJ,Nojabrxsk Russia
NOS,Nossi-be Madagascar
NOU,Noumea New Caledonia - Tontouta
NOZ,Novokuznetsk Russia
NPE,Napier-Hastings New Zealand
NPL,New Plymouth New Zealand
NQN,Neuquen NE Argentina
NQY,Newquay United Kingdom
NRD,Norderney Germany
NRK,Norrkoping Sweden
NRL,North Ronaldsay United Kingdom
NRT,Tokyo Japan - Narita
NSB,Bimini Bahamas
NSK,Noril'sk Russia
NSN,Nelso New Zealand
NST,Nakhon Si Thammarat Thailand
NTE,Nantes France - Nantes Atlantique
NTG,Nantong China
NTI,Bintuni Indonesia
NTL,Newcastle New South Wales Australia
NTN,Normanton QL Australia
NTO,Santo Antao Cape Verde
NTT,Niuatoputapu Tonga
NTY,Sun City South Africa
NUB,Numbulwar NT Australia
NUE,Nuremberg Germany
NUI,Nuiqsut AK
NUL,Nulato AK
NUP,Nunapitchuk AK
NUS,Norsup Vanuatu
NUX,NayUrengoy Russia
NVA,Neiva Colombia
NVK,Narvik Norway
NVR,Novgorod Russia
NVT,Navegantes SC Brazil
NWI,Norwich United Kingdom
NYC,New York NY - All airports
NYK,Nanyuki Kenya
NYM,Nadym Russia
NYN,Nyngan NS Australia
NYU,Nyaung Myanmar
OAG,Orange New South Wales Australia
OAJ,Jacksonville NC
OAK,Oakland CA
OAX,Oaxaca Mexico
OBD,Obano Indonesia
OBO,Obihiro Japan
OBU,Kobuk AK
OCJ,Ocho Rios Jamaica
ODN,Long Seridan Malaysia
ODS,Odessa Ukraine
ODY,Oudomxay Laos
OER,Ornskoldsvik Sweden
OES,San Antonio Oesta RN Argentina
OFK,Norfolk NE
OGG,Kahului HI - Island of Maui
OGG,Maui HI
OGN,Yonaguni Jima Japan
OGS,Ogdensburg NY
OGX,Ouargla Algeria
OGZ,Vladikavkaz Russia
OHD,Ohrid Macedonia
OHO,Okhotsk Russia
OIM,Oshima Japan
OIR,Okoshiri Japan
OIT,Oita Japan
OKA,Okinawa Japan
OKC,Oklahoma City OK
OKD,Sapporo Japan - Okadama
OKJ,Okayama Japan
OKL,Oksibil Indonesia
OKQ,Okaba Indonedia
OKR,Yorke Island QL Australia
OKU,Mokuti Lodge Namibia
OLB,Olbia Italy
OLJ,Olpoi Vanuatu
OLP,Olympic Dam SA Australia
OMA,Omaha NE
OMB,Omboue Gabon
OMD,Oranjemund Namibia
OME,Nome AK
OMH,Urmieh Iran
OMO,Mostar Bosnia and Herzegovina
OMR,Oradea Romania
OMS,Omsk Russia
OND,Ondangwa Namibia
ONG,Mornington QL Australia
ONI,Moanamani Indonesia
ONT,Ontario CA
ONX,Colon Panama
OOK,Toksook Bay AK
OOL,Gold Coast QL Australia
OOM,Cooma NS Australia
OPO,Porto Portugal
OPU,Balimo Papua New Guinea
ORB,Orebro Sweeden - Obrebro-Bofors
ORD,Chicago IL - O'Hare
ORF,Norfolk VA
ORG,Paramaribo Suriname - Zorg En Hoop
ORH,Worcester MA
ORK,Cork Ireland
ORL,Orlando FL - Herndon
ORN,Oran Algeria
ORT,Northway AK
ORV,Noorvik AK
ORW,Ormara Pakistan
ORY,Paris France - Orly
OSA,Osaka Japan - all airports
OSD,Ostersund Sweden
OSH,Oshkosh WI
OSI,Osijek Croatia
OSK,Oskarshamn Sweden
OSL,Oslo Norway
OSR,Ostrava Czech Republic
OSW,Orsk Russia
OSY,Namsos Norway
OSZ,Koszalin Poland
OTD,Contadora Panama
OTH,North Bend OR
OTM,Ottumwa IA
OTP,Bucharest Romania - Otopeni International
OTU,Otu Colombia
OTZ,Kotzebue AK
OUA,Ouagadougou Burkina Faso
OUD,Oujda Morocco
OUL,Oulu Finland
OUZ,Zouerate Mauritania
OVB,Novosibirsk Russia - Tolmachevo
OVD,Asturias Spain and Canary Islands
OWB,Owensboro KY
OXB,Bissau Guinea-Bissau
OXR,Oxnard/Ventura CA
OXR,Ventura/Oxnard CA
OYA,Goya CR Argentina
OYE,Oyem Gabon
OZH,Zaporozhye Ukraine
OZZ,Ouarzazate Morocco
PAC,Panama City Panama - Paitilla
PAD,Paderborn Germany
PAF,Pakuba Uganda
PAH,Paducah KY
PAJ,Para Chinar Pakistan
PAK,Hanapepe HI
PAP,Port Au Prince Haiti
PAR,Paris France - All airports
PAT,Patna India
PAZ,Poza Rico Mexico
PBC,Puebla Mexico
PBD,Porbandar India
PBE,Puerto Berria Colombia
PBH,Paro Bhutan
PBI,West Palm Beach FL
PBJ,Paama Vanuatu
PBM,Paramaribo Suriname - Zanderij Intl
PBO,Paraburdoo WA Australia
PBP,Punta Islita Costa Rica
PBZ,Plettenburg Bay South Africa
PCA,Portage Creek AK
PCH,Palacios Honduras
PCL,Pucallpa Peru
PDB,Pedro Bay AK
PDG,Padang Indonesia
PDL,Ponta Delgada Portugal
PDP,Punta Del Este Uruguay
PDS,Piedras Negras Mexico
PDT,Pendleton OR
PDX,Portland OR
PEC,Pelican AK
PEE,Perm Russia
PEG,Perugia Italy
PEI,Pereira Colombia
PEK,Beijing China
PEM,Puerto Maldonado Peru
PEN,Penang Malaysia
PER,Perth Western Australia Australia
PES,Petrozavodsk Russia
PET,Pelotas RS Brazil
PEU,Puerto Lempira Honduras
PEW,Peshawar Pakistan
PEX,Pechora Russia
PFB,Passo Fundo RS Brazil
PFN,Panama City FL
PFO,Paphos Cyprus
PGA,Page AZ
PGF,Perpignan France
PGK,Pangkalpinang Indonesia
PGV,Greenville NC
PGX,Perigueux France
PHB,Parnaiba PI Brazil
PHC,Port Harcourt Nigeria
PHE,Port Headland WA Australia
PHF,Hampton VA
PHF,Newport News VA
PHF,Williamsburg VA
PHL,Philadelphia PA - International
PHO,Point Hope AK
PHS,Phitsanulok Thailand
PHW,Phalaborwa South Africa
PHX,Phoenix AZ
PIA,Peoria IL
PIB,Laurel MS
PID,Paradise Island Bahamas
PIE,Clearwater/St Petersburg FL
PIE,St Petersburg/Clearwater FL
PIF,Pingtung Taiwan
PIH,Pocatello ID
PIK,Glasgow United Kingdom - Prestwick
PIP,Pilot Point AK
PIR,Pierre SD
PIS,Poitiers France - Biard
PIT,Pittsburgh PA
PIU,Piura Peru
PIX,Pico Island Portugal
PIZ,Point Lay AK
PJG,Panjger Pakistan
PJM,Puerto Jimenez Costa Rica
PKA,Napaskiak AK
PKB,Marietta OH/Parkersburg WV
PKB,Parkersburg WV/Marietta OH
PKC,Petropaulousk-Kamchats Russia
PKN,Pangkalanboun Indonesia
PKR,Pokhara Nepal
PKU,Pekanbaru Indonesia
PKY,Palang Karaya Indonesia
PKZ,Pakse Laos
PLB,Plattsburgh NY
PLH,Plymouth United Kingdom
PLJ,Placencia Belize
PLM,Palembang Indonesia
PLN,Pellston MI
PLO,Port Lincoln SA Australia
PLP,La Palma Panama
PLQ,Palanga Lithuania
PLS,Providenciales Turks and Caicos Islands
PLU,Belo Horizonte Brazil - Pampulha
PLV,Poltava Ukraine
PLW,Palu Indonesia
PLZ,Port Elizabeth South Africa
PMA,Pemba Tanzania - Wawi
PMC,Puerto Montt Chile
PMF,Milan Italy - Parma
PMF,Parma/Milan Italy
PMG,Ponta Pora MS Brazil
PMI,Palma Mallorca Spain and Canary Islands
PML,Port Moller AK
PMO,Palermo Sicily Italy
PMQ,Perito Moreno SC Argentina
PMR,Palmerston North New Zealand
PMV,Porlamar Venezuela
PMW,Palmas TO Brazil
PMY,Puerto Madryn CB Argentina
PMZ,Palmar Costa Rica
PNA,Pamplona Spain
PNC,Ponca City OK
PND,Punta Gorda Belize
PNH,Phnom Penh Cambodia
PNI,Pohnpei Micronesia
PNK,Pontianak Indonesia
PNL,Pantelleria Italy
PNP,Popondetta Papua New Guinea
PNQ,Pune India
PNR,Pointe Noire Congo
PNS,Pensacola FL
PNZ,Petrolina PE Brazil
POA,Porto Alegre RS Brazil
POG,Port Gentil Gabon
POL,Pemba Mozambique
POM,Port Moresby Papua New Guinea
POP,Puerto Plata Dominican Republic
POR,Pori Finland
POS,Port of Spain Trinidad
POS,Trinidad Trinidad and Tobago
POT,Port Antonio Jamaica
POU,Poughkeepsie NY
POZ,Poznan Poland
PPB,Presidente Prudente SP Brazil
PPG,Pago Pago American Samoa
PPP,Proserpine QL Australia
PPS,Puerto Princesa Philippines
PPT,Papeete French Polynesia
PPV,Port Protection AK
PPW,Papa Westray United Kingdom
PQC,Phu Quoc Viet Nam - Duong Dang
PQI,Presque Isle ME
PQM,Palenque Mexico
PQQ,Port Macquarie NS Australia
PQS,Pilot Station AK
PRA,Parana ER Argentina
PRC,Prescott AZ
PRG,Prague Czech Republic
PRH,Phrae Thailand
PRN,Pristina Serbia and Montenegro
PRQ,Pres. Roque Saenz Pena CH Argentina
PRS,Parasi Solomon Islands
PSA,Florence Italy - Gal Galilei
PSA,Pisa Italy - Gal Galilei
PSC,Pasco WA
PSE,Ponce Puerto Rico
PSG,Petersburg AK
PSI,Pasni Pakistan
PSM,Portsmouth NH
PSO,Pasto Colombia
PSP,Palm Springs CA
PSR,Pescara Italy
PSS,Posadas MI Argentina
PSU,Putussibau Indonesia
PSY,Port Stanley Falkland Islands
PSZ,Puerto Suarez Bolivia
PTA,Port Alsworth AK
PTF,Malololailai Fiji
PTG,Pietersburb South Africa
PTH,Port Heiden AK
PTJ,Portland VI Australia
PTP,Pointe-a-Pitre Guadeloupe
PTU,Platinum AK
PTY,Panama City Panama - Tocumen Intl
PUB,Pueblo CO
PUD,Puerto Deseado SC Argentina
PUF,Pau France
PUG,Port Augusta SA Australia
PUJ,Punta Cana Dominican Republic
PUQ,Punta Arenas Chile
PUS,Busan South Korea - Gimhae
PUT,Puttaparthi India
PUW,Pullman WA
PUY,Pula Croatia
PVC,Provincetown MA
PVD,Providence RI
PVG,Shanghai China
PVH,Porto Velho RO Brazil
PVK,Preveza/Lefkas Greece
PVO,Portoviejo Ecuador
PVR,Puerto Vallarta Mexico
PWM,Portland ME
PWQ,Pavlodar Kazakhstan
PXM,Puerto Escondido Mexico
PXO,Porto Santo Portugal
PXU,Pleiku Viet Nam
PYE,Penrhyn Island Cook Islands
PYH,Puerto Ayacucha Venezuela
PYJ,Polyarnyj Russia
PZB,Pietermaritzburg South Africa
PZE,Penzance United Kingdom
PZH,Zhob Pakistan
PZO,Puerto Ordaz Venezuela
PZU,Port Sudan Sudan
QBC,Bella Coola BC
QBF,Vail CO - Van service
QCE,Copper Mountain CO - Van service
QDU,Dusseldorf Germany - Rail service
QFK,Selje Norway
QFZ,Saarbruecken Germany
QJY,Kolobrzeg Poland
QJZ,Nantes France - Rail service
QKB,Breckenridge CO - Van service
QKL,Cologne Germany - Rail service
QKS,Keystone CO - Van service
QQP,London-Paddington United Kingdom - Rail service
QRO,Queretaro Mexico
QWF,Fort Collins/Loveland CO - Bus service
QWF,Loveland/Fort Collins CO - Bus service
QWM,Denver CO - Longmont Bus service
QWY,Albany OR - Bus service
QXG,Angers France - Rail service
QYW,Cannes France - Vieux Port
RAB,Rabaul Papua New Guinea
RAE,Arar Saudi Arabia
RAH,Rafha Saudi Arabia
RAI,Praia Cape Verde
RAJ,Rajkot India
RAM,Ramingining NT Australia
RAO,Ribeirao Preto SP Brazil
RAP,Rapid City SD
RAR,Rarotonga Cook Islands
RAS,Rasht Iran
RAT,Raduzhnyi Russia
RAZ,Rawala Kot Pakistan
RBA,Rabat Morocco
RBE,Ratanakiri Cambodia
RBH,Brooks Lodge AK
RBJ,Rebun Japan
RBP,Rabaraba Papua New Guinea
RBR,Rio Branco AC Brazil
RBV,Ramato Solomon Islands
RBY,Ruby AK
RCB,Richards Bay South Africa
RCE,Roche Harbor WA
RCH,Riohacha Colombia
RCM,Richmond QL Australia
RCQ,Reconquista SF Argentina
RCU,Rio Cuarto CD Argentina
RDD,Redding CA
RDE,Merdey Indonesia
RDG,Reading PA
RDM,Redmond OR
RDU,Durham NC
RDU,Durham/Raleigh NC
RDU,Raleigh/Durham NC
RDV,Red Devil AK
RDZ,Rodez France
REC,Recife PE Brazil
REG,Reggio Calabria Italy
REL,Trelew CB Argentina
REN,Orenburg Russia
REP,Siem Reap Cambodia
RES,Resistencia CW Argentina
RET,Rost Norway
REU,Reus Spain and Canary Islands
REX,Reynossa Mexico
RFP,Raiatea French Polynesia
RGA,Rio Grande TF Argentina
RGL,Rio Gallegos Argentina - Internacional
RGN,Yangon Myanmar
RHI,Rhinelander WI
RHO,Rhodes Gabon
RIA,Santa Maria Brazil
RIB,Riberalta Bolivia
RIC,Richmond VA
RIG,Rio Grande RS Brazil
RIK,Carrillo Costa Rica
RIS,Rishiri Japan
RIW,Riverton WY
RIX,Riga Latvia
RIY,Riyan Mukalla Yemen
RJH,Rajshahi Bangladesh
RJK,Rijeka Croatia
RJN,Rafsanjan Iran
RKD,Rockland ME
RKS,Rock Springs WY
RKT,Ras Al Khaimah United Arab Emirates
RLG,Rostock-Laage Germany
RMA,Roma QL Australia
RMI,Rimini Italy
RMP,Rampart AK
RNB,Ronneby Sweden
RNE,Roane France
RNJ,Yoronjima Japan
RNL,Rennell Solomon Islands
RNN,Bornholm Denmark
RNO,Reno NV
RNP,Rongelap Island Marshall Islands
RNS,Rennes France
ROA,Roanoke VA
ROB,Monrovia Liberia
ROC,Rochester NY
ROK,Rockhampton QL Australia
ROM,Rome Italy - All airports
ROP,Rota Northern Mariana Islands
ROR,Koror Palau
ROS,Rosario SF Argentina
ROT,Rotorua New Zealand
ROV,Rostov Russia
ROW,Roswell NM
ROY,Rio Mayo CB Argentina
RPM,Ngukurr NT Australia
RPN,Rosh Pina Iceland
RRG,Rodrigues Island Mauritius
RRS,Roros Norway
RSA,Santa Rosa LP Argentina
RSD,Rock Sound Bahamas
RSH,Russian Mission AK
RSJ,Rosario WA
RST,Rochester MN
RSU,Yeosu South Korea
RSW,Fort Myers FL
RTB,Roatan Honduras
RTM,Rotterdam Netherlands
RTW,Saratov Russia
RUA,Arua Uganda
RUH,Riyadh Saudi Arabia
RUN,St Denis de la Reunion Reunion
RUR,Rorutu French Polynesia
RUT,Rutland VT
RVA,Farafangana Madagascar
RVD,Rio Verde GO Brazil
RVK,Roervik Norway
RVN,Rovaniemi Finland
SAF,Santa Fe NM
SAH,Sana'a Yemen
SAI,San Marino San Marino
SAL,San Salvador El Salvador
SAN,San Diego CA
SAP,San Pedro Sula Honduras
SAT,San Antonio TX
SAV,Savannah GA
SBA,Santa Barbara CA
SBN,South Bend IN
SBP,San Luis Obispo CA
SBS,Steamboat Springs CO
SBY,Salisbury-Ocean City MD
SCC,Prudhoe Bay/Deadhorse AK
SCE,State College/University Park PA
SCK,Stockton CA
SCL,Santiago Chile
SCM,Scammon Bay AK
SDF,Louisville KY
SDP,Sand Point AK
SDQ,Santo Domingo Dominican Republic - Las Americas
SEA,Seattle WA - Seattle/Tacoma International
SEL,Seoul South Korea - All Airports
SEZ,Mahe Island Seychelles
SFB,Sanford FL
SFO,San Francisco CA
SGF,Springfield MO
SGN,Ho Chi Minh City Viet Nam
SGU,Saint George UT
SGY,Skagway AK
SHD,Staunton VA
SHG,Shungnak AK
SHH,Shishmaref AK
SHR,Sheridan WY
SHV,Shreveport LA
SHX,Shageluk AK
SIN,Singapore Singapore - Changi
SIT,Sitka AK
SJC,San Jose CA
SJD,Cabo San Lucas Los Cabos Mexico
SJD,Los Cabos Mexico
SJO,San Jose Costa Rica - Juan Santa Maria
SJT,San Angelo TX
SJU,San Juan Puerto Rico
SKB,St Kitts St Kitts and Nevis
SKG,Thessaloniki Greece
SKK,Shaktoolik AK
SLC,Salt Lake City UT
SLE,Salem OR
SLK,Saranac Lake NY
SLN,Salina KS
SLP,San Luis Potosi Mexico
SLQ,Sleetmore AK
SLU,Saint Lucia ST. LUCIA
SLW,Saltillo Mexico
SLX,Salt Cay Turks and Caicos Islands
SLY,Salehard Russia
SLZ,Sau Luiz MA Brazil
SMA,Santa Maria Portugal
SMF,Sacramento CA
SMI,Samos Greece
SMK,Saint Michael AK
SML,Stella Maris Bahamas
SMR,Santa Marta Colombia
SMS,Sante Marie Madagascar
SMX,Santa Maria CA
SNA,Orange County CA
SNA,Santa Ana CA
SNE,Sao Nicolau Cape Verde
SNN,Shannon Ireland
SNO,Sakon Nakhon Thailand
SNP,Saint Paul Island AK
SNW,Thandwe Myanmar
SOC,Solo City Indonesia
SOD,Sorocaba Brazil
SOF,Sofia Bulgaria
SOG,Sognolal Norway
SOI,South Molle Island QL Australia
SOJ,Sorkjosen Norway
SON,Espiritu Santo Vanuatu
SOO,Soderham Sweden
SOP,Southern Pines NC
SOU,South Hampton United Kingdom
SOY,Stronsay United Kingdom
SPC,Santa Cruz De La Palma Spain and Canary Islands - La Palma
SPI,Springfield IL
SPN,Saipan Northern Mariana Islands
SPS,Wichita Falls TX
SPU,Split Croatia
SQG,Sintang Indonesia
SQH,Son-La Viet Nam - Na-San
SQO,Storuman Sweden
SRE,Sucre Bolivia
SRG,Semarang Indonesia
SRQ,Sarasota FL
SRV,Stony River AK
SSA,Salvadore BA Brazil
SSG,Malabo Equatorial Guinea
SSH,Sharm El Sheikh Egypt
SSR,Sara Vanuatu
STB,Santa Barbara Ed Venezuela
STC,Saint Cloud MN
STD,Santo Domingo Venezuela
STG,Saint George Island AK
STI,Santiago Dominican Republic
STL,Saint Louis MO
STM,Santarem PA Brazil
STN,London United Kingdom - Stansted
STO,Stockholm Sweden - All airports
STR,Stuttgart Germany - Echterdingen
STS,Santa Rosa CA
STT,Saint Thomas U.S. Virgin Islands
STT,St. Thomas Island U.S. Virgin Islands
STW,Stavropol Russia
STX,Saint Croix U.S. Virgin Islands
STX,St. Croix Island U.S. Virgin Islands
SUB,Surabaya Indonesia
SUF,Lamezia-Terme Italy
SUJ,Satu Mare Romania
SUL,Sui Pakistan
SUN,Hailey ID
SUN,Sun Valley ID
SUR,Summer Beaver ON
SUV,Suva Fiji
SUX,Sioux City IA
SVA,Savoonga AK
SVB,Sambaua Madagascar
SVC,Silver City NM
SVD,St Vincent Saint Vincent and the Grenadines
SVG,Stavanger Norway
SVJ,Svolvaer Norway
SVL,Savonlinna Finland
SVO,Moscow Russia - Sheremetyevo
SVQ,Sevilla Spain and Canary Islands
SVS,Stevens Village AK
SVU,Savusavu Fiji
SVX,Ekaterinburg Russia
SVZ,San Antonio Venezuela
SWA,Shantou China
SWD,Seward AK
SWF,Newburgh/Stewart Field NY
SWF,Stewart Field/Newburgh NY
SWG,Satwag Papua New Guinea
SXB,Strasbourg France - Entzheim
SXF,Berlin Germany - Schoenefeld
SXK,Saumlaki Indonesia
SXL,Sligo Ireland
SXM,Saint Maarten Netherlands Antilles
SXP,Sheldon Point AK
SXR,Srinagar India
SYD,Sydney New South Wales Australia
SYM,Simao China
SYO,Shonai Japan
SYQ,San Jose Costa Rica - Tobias Bolanos Int'l
SYR,Syracuse NY
SYU,Sue Island QL Australia
SYX,Sanya China
SYY,Stornoway United Kingdom
SYZ,Shiraz Iran
SZD,Sheffield United Kingdom
SZG,Salzburg Austria
SZK,Skukuza South Africa
SZM,Sesriem Namibia
SZT,S. Cristobal del Casas Mexico
SZX,Shenzhen China
SZZ,Szczecin Poland
TAB,Tobago Trinidad and Tobago
TAC,Tacloban Philippines
TAE,Daegu South Korea
TAH,Tanna Vanuatu
TAI,Taiz Yemen
TAL,Tanana AK
TAM,Tampico Mexico
TAO,Qingdao China
TAP,Tapachula Mexico
TAR,Taranto Italy
TAS,Tashkent Uzbekistan
TAT,Popraol/Tatry Slovakia
TBG,Tabubil Papua New Guinea
TBI,The Bight Bahamas
TBJ,Tabarka Tunisia
TBN,Fort Leonard Wood MO
TBO,Tabora Tanzania
TBP,Tumbes Peru
TBS,Tbilisi Georgia
TBT,Tabatinga AM Brazil
TBU,Nuku'Alofa Tonga
TBZ,Tabriz Iran
TCA,Tennant Creek NT Australia
TCB,Treasure Cay Bahamas
TCG,Tacheng China
TCH,Tchibanga Gabon
TCL,Tuscaloosa AL
TCO,Tumaco Colombia
TCP,Taba Egypt
TCQ,Tacna Peru
TCT,Takotna AK
TDB,Tetabedi Papua New Guinea
TDD,Trinidad Bolivia
TEE,Tbessa Algeria
TEH,Tetlin AK
TEK,Tatitlek AK
TER,Terceira Island Portugal
TET,Tete Mozambique
TEU,Te Anau New Zealand
TEX,Telluride CO
TEZ,Tezpur India
TFF,Tefe AM Brazil
TFI,Tufi Papua New Guinea
TFN,Tenerife Spain and Canary Islands - Norte Los Rodeos
TFS,Tenerife Spain and the Canary Islands - Sur Reina Sofia
TGD,Podgoriea Serbia and Montenegro - Golubovci
TGG,Kuala Terengganu Malaysia
TGH,Tongoa Vanuatu
TGJ,Tiga New Caledonia
TGM,Tirgu Mures Romania
TGN,Traralgon VI Australia
TGO,Tongliao China
TGU,Tegucigalpa Honduras
TGZ,Tuxtla Gutierrez Mexico
THE,Teresina PI Brazil
THF,Berlin Germany - Tempelhof
THG,Thangool QL Australia
THL,Tachilek Myanmar
THN,Trollhattan Sweden
THO,Thorshofn Iceland
THR,Tehran Iran - Mehrabad
THS,Sukhotthai Thailand
THU,Pituffik Greenland
TIA,Tirana Albania
TID,Tiaret Algeria
TIE,Tippi Ethiopia
TIF,Taif Saudi Arabia
TIH,Tikehau Atoll French Polynesia
TIJ,Tijuana Mexico
TIM,Tembagapura Indonesia
TIN,Tindouf Algeria
TIP,Tripoli Libya
TIQ,Tinian Northern Mariana Islands
TIR,Tirupati India
TIS,Thursday Island QL Australia
TIU,Timaru New Zealand
TIV,Tivat Serbia and Montenegro
TIY,Tioljikja Mauritania
TIZ,Tari Papua New Guinea
TJA,Tarija Bolivia
TJI,Trujillo Honduras
TJM,Tyumen Russia
TJQ,Tanjung Pandan Indonesia
TJS,Tanjung Selor Indonesia
TKA,Talkeetna AK
TKB,Tekadu Papua New Guinea
TKE,Tenakee Springs AK
TKG,Bandar Lampung Indonesia - Branti
TKJ,Tok AK
TKK,Truk Micronesia
TKN,Tokunoshima Japan
TKQ,Kigoma Tanzania
TKS,Tokushima Japan
TKU,Turku Finland
TLC,Toluco Mexico
TLE,Tulear Madagascar
TLH,Tallahassee FL
TLL,Tallinn Estonia
TLM,Tlemcen Algeria
TLN,Toulon France
TLS,Toulouse France
TLT,Tuluksak AK
TLV,Tel Aviv Israel
TMC,Tambolaka Indonesia
TMG,Tomanggong Malaysia
TMH,Tanahmerah Indonesia
TMJ,Termez Uzbekistan
TMM,Tamatave Madagascar
TMP,Tampere Finland
TMR,Tamanrasset Algeria
TMS,Sao Tome Is. Sao Tome and Principe
TMT,Trombetas PA Brazil
TMU,Tambor Costa Rica
TMW,Tamworth NS Australia
TMX,Timimoun Algeria
TNA,Jinan China
TNC,Tin City AK
TNG,Tangier Morocco
TNK,Tununak AK
TNN,Tainan Taiwan
TNO,Tamarindo Costa Rica
TNR,Antaninvarivo Madgascar
TNX,Stung Treng Cambodia
TOB,Tobruk Libya
TOD,Tioman Malaysia
TOE,Tozeur Tunisia
TOF,Tomsk Russia
TOG,Togiak Village AK
TOH,Torres Vanuatu
TOL,Toledo OH
TOM,Tombouctou Mali
TOS,Tromso Norway
TOU,Touho New Caledonia
TOV,Tortola British Virgin Islands
TOW,Toledo PR Brazil
TOY,Toyama Japan
TPA,Tampa FL
TPE,Taipei Taiwan - Chiang Kai Shek
TPP,Tarapoto Peru
TPQ,Tepic Mexico
TPR,Tom Price WA Australia
TPS,Trapani Italy
TRA,Taramajma Japan
TRC,Torreon Mexico
TRD,Trondheim Norway
TRE,Tiree United Kingdom
TRF,Torp Airport Oslo Norway - Sandefjord
TRG,Tauranga New Zealand
TRI,Bristol VA
TRI,Johnson City TN
TRI,Kingsport TN
TRK,Tarakan Indonesia
TRN,Turin Italy
TRO,Taree NS Australia
TRS,Trieste Italy
TRU,Trujillo Peru
TRV,Thiruvananthapuram India
TRW,Tarawa Kiribati
TRZ,Tiruchirapally India
TSA,Taipei Taiwan - Sung Shan
TSB,Tsumeb Namibia
TSE,Astana Kazakhstan
TSF,Venice Italy - Treviso
TSJ,Tsushima Japan
TSM,Taos NM
TSN,Tianjn China
TSO,Isles of Scilly United Kingdom - Tresco
TSR,Timosoara Romania
TST,Trang Thailand
TSV,Townsville QL Australia
TTB,Tortoli Italy
TTE,Ternate Indonesia
TTJ,Tottori Japan
TTN,Philadelphia PA - Trenton/Mercer NJ
TTN,Trenton/Mercer NJ
TTQ,Tortuquero Costa Rica
TTS,Tsaratanana Madagascar
TTT,Taitung Taiwan
TTU,Tetuan Morocco
TUA,Tulcan Ecuador
TUB,Tubuai French Polynesia
TUC,Tucuman TU Argentina
TUF,Tours France
TUG,Tuguegarao Philippines
TUI,Turaif Saudi Arabia
TUJ,Tum Ethiopia
TUK,Turbat Pakistan
TUL,Tulsa OK
TUN,Tunis Tunisia
TUO,Taupo New Zealand
TUP,Tupelo MS
TUR,Tucurui PA Brazil
TUS,Tucson AZ
TUU,Tabuk Saudi Arabia
TUV,Tucupita Venezuela
TVA,Morafenobe Madagascar
TVC,Traverse City MI
TVF,Thief River Falls MN
TVU,Taveuni Fiji
TVY,Dawe Myanmar
TWA,Twin Hills AK
TWB,Toowoomba QL Australia
TWF,Twin Falls ID
TWU,Tawau Malaysia
TXG,Taichung Taiwan
TXK,Texarkana AR
TXL,Berlin Germany - Tegel
TXM,Teminabuan Indonesia
TXN,Tunxi China
TYF,Torsby Sweden
TYN,Taiyuan China
TYO,Tokyo Japan - All airports
TYR,Tyler TX
TYS,Knoxville TN
TZA,Belize City Belize - Municipal
TZN,South Andros Bahamas
TZX,Trabzon Turkey
UAK,Narsarsuaq Greenland
UAQ,San Juan SJ Argentina
UAS,Samburu Kenya
UBA,Uberaba MG Brazil
UBB,Mabuiag Island QL Australia
UBJ,Ube Japan
UBP,Ubon Ratchathani Thailand
UCA,Utica NY
UCT,Ukhta Russia
UDI,Uberlandia MG Brazil
UDJ,Uzhgorod Ukraine
UDR,Udaipur India
UEL,Quelimane Mozambique
UEO,Kumejima Japan
UET,Quetta Pakistan
UFA,Ufa Russia
UGB,Pilot Point AK - Ugashnik Bay
UGC,Urgench Uzbekistan
UGU,Zugapa Indonesia
UIB,Quibdo Colombia
UIH,Qui Nhon Viet Nam
UII,Utila Honduras
UIK,Ust-Ilimsk Russia
UIN,Quincy IL
UIO,Quito Ecuador
UIP,Quimper France
UIT,Jaluit Island Marshall Islands
UJE,Ujae Island Marshall Islands
UKK,Ust-Kamenogorsk Kazakhstan
ULA,San Julian SC Argentina
ULB,Ulei Vanuatu
ULD,Ulundi South Africa
ULI,Ulithi Micronesia
ULN,Ulaanbaatar Mongolia
ULP,Quipi QL Australia
ULU,Gulu Uganda
ULY,Uliastai Mongolia
UMD,Uummannaq Greeland
UME,Umea Sweden
UNG,Kiunga Papua New Guinea
UNK,Unalakleet AK
UNN,Ranong Thailand
UPG,Ujung Pandang Indonesia
UPN,Uruapan Mexico
URA,Uralsk Kazakhstan
URC,Urumqi China
URG,Uruguaiana RS Brazil
URJ,Uraj Russia
URO,Rouen France
URT,Surat Thani Thailand
URU,Uroubi Papua New Guinea
URY,Gurayat Saudi Arabia
USH,Ushuaia TF Argentina
USK,Usinsk Russia
USL,Useless Loop WA Australia
USM,Koh Samui Thailand
USN,Ulsan South Korea
UTH,Udon Thani Thailand
UTK,Utirik Island Marshall Islands
UTN,Upington South Africa
UTO,Utopia Creek AK
UTP,Utapao Thailand
UTT,Umtata South Africa
UUA,Bugulma Russia
UUA,Bulgulma Russia
UUD,Ulan-Ude Russia
UUS,Yuzhno-Sakhalinsk Russia
UVE,Ouvea New Caledonia
UVF,St. Lucia St. Lucia
UVF,St. Lucia St. Lucia - Hawnorra
UVL,Kharga Egypt
UYL,Nyala Sudan
UYN,Yulin China
VAA,Vaasa Finland
VAG,Varginha MG Brazil
VAI,Vanimo Papua New Guinea
VAK,Chevak AK
VAN,Van Turkey
VAO,Suavanao Solomon Islands
VAR,Varna Bulgaria
VAS,Sivas Turkey
VAT,Vatomatry Madagascar
VAV,Vava'u Tonga
VAW,Vardoe Norway
VBV,Vanuabalavu Fiji
VBY,Visby Sweden
VCD,Victoria River Downs NT Australia
VCE,Venice Italy - Marco Polo
VCP,Sao Paulo Brazil - Viracopos
VCT,Victoria TX
VDA,Ovda Israel
VDB,Fagernes Norway
VDC,Vitoria da Conquista BA Brazil
VDE,Valverde Spain and Canary Islands - Hierro
VDM,Viedma RN Argentina
VDS,Vadso Norway
VDZ,Valdez AK
VEE,Venetie AK
VEL,Vernal UT
VER,Veracruz Mexico
VEY,Vestmannaeyjar Iceland
VFA,Victoria Falls Zimbabwe
VGO,Vigo Spain
VHM,Vilhelmina Sweden
VIE,Vienna Austria
VIG,El Vigia Venezuela
VII,Vinh City Viet Nam
VIJ,Virgin Gorda British Virgin Islands
VIL,Dakhla Morocco
VIS,Visalia CA
VIT,Vitoria Spain and Canary Islands
VIV,Vivigani Papua New Guinea
VKG,Rach Gia Viet Nam
VKG,Roch Gia Viet Nam
VKO,Moscow Russia - Vnukovo
VKT,Vorkuta Russia
VLC,Valencia Spain
VLD,Valdosta GA
VLG,Villa Gesell BA Argentina
VLI,Port Vila Vanuatu
VLK,Volgodonsk Russia
VLL,Valladolid Spain and Canary Islands
VLN,Valencia Venezuela
VLS,Valesdir Vanuatu
VLV,Valera Venezuela
VME,Villa Mercedes SL Argentina
VMU,Baimuru Papua New Guinea
VNO,Vilnius Lithuania
VNS,Varanasi India
VNX,Vilanculos Mozambique
VOG,Volgograd Russia
VOH,Vohemar Madagascar
VOZ,Voronezh Russia
VPN,Vopnafjordur Iceland
VPS,Fort Walton Beach FL
VPS,Valparaiso FL
VQS,Vieques Puerto Rico
VRA,Varadero Cuba
VRK,Varkaus Finland
VRN,Verona Italy
VSA,Villahermosa Mexico
VSG,Lugansk Uganda
VST,Vasteras Sweden
VTB,Vitebsk Belarus
VTE,Vientiane Laos - Wattay
VTZ,Vishakhapatnam India
VUP,Valledupar Colombia
VVB,Mahanoro Madagascar
VVI,Santa Cruz Bolivia
VVO,Vladivostok Russia
VXC,Lichinga Mozambique
VXE,Sao Vicente Cape Verde
VXO,Vaxjo Sweden
WAA,Wales AK
WAE,Wadi Ad Dawasir Saudi Arabia
WAG,Wanganui New Zealand
WAI,Antsohihy Madagascar
WAM,Ambatondrazaka Madagascar
WAQ,Antsalova Madagascar
WAS,Washington DC - All airports
WAT,Waterford Ireland
WAW,Warsaw Poland
WBA,Wahai Indonesia
WBB,Stebbins AK
WBQ,Beaver AK
WBU,Boulder CO - Municipal Airport
WDG,Enid OK
WED,Wedau Papua New Guinea
WEH,Weihai China
WEI,Weipa QL Australia
WET,Wagethe Indonesia
WFI,Fianarantsoa Madagascar
WGA,Wagga Wagga NS Australia
WGE,Walgett NS Australia
WGP,Waingapo Indonesia
WHF,Wadi Halfa Sudan
WHH,Boulder CO - Hiltons Har H
WHK,Whakatane New Zealand
WIC,Wick United Kingdom
WIL,Nairobi Kenya - Wilson
WIN,Winton QL Australia
WJA,Woja Marshall Islands
WJU,WonJu South Korea
WKA,Wanaka New Zealand
WKJ,Wakkanai Japan
WKK,Aleknagik AK
WLG,Wellington New Zealand
WLH,Walaha Vanuatu
WLK,Selawik AK
WLS,Wallis Island Wallis and Futuna Islands
WMA,Mandritsara Madagascar
WME,Mount Keith WA Australia
WMH,Mountain Home AR
WMK,Meyers Chuck AK
WMN,Maroantsetra Madagascar
WMO,White Mountain AK
WMP,Mampikony Madagascar
WMR,Mananara Madagascar
WMX,Wamena Indonesia
WNA,Napakiak AK
WNN,Wunnummin Lake ON
WNP,Naga Philippines
WNR,Windarra QL Australia
WNS,Nawabshah Pakistan
WNZ,Wenzhou China
WOT,Wonan Taiwan
WPB,Port Berge Madagascar
WRE,Whangarei New Zealand
WRG,Wrangell AK
WRL,Worland WY
WRO,Wroclaw Poland
WRY,Westray United Kingdom
WSN,South Naknek AK
WSR,Wasior Indonesia
WST,Westerly RI
WSU,Wasu Papua New Guinea
WSX,Westsound WA
WSZ,Westport New Zealand
WTA,Tambohorano Madagascar
WTE,Wotje Island Marshall Islands
WTK,Noatak AK
WTL,Tuntutuliak AK
WTO,Wotho Island Marshall Islands
WTS,Tsiroanomandidy Madagascar
WUD,Wudinna SA Australia
WUG,Wau Papua New Guinea
WUH,Wuhan China
WUN,Wiluna WA Australia
WUS,Wuyishan China
WUU,Wau Sudan
WVB,Walvis Bay Namibia
WVK,Manakara Madagascar
WVN,Wilhelmshaven Germany
WWK,Wewak Papua New Guinea
WWP,Whale Pass AK
WWT,Newtok AK
WXN,Wanxian China
WYA,Whyalla SA Australia
WYN,Wyndham WA Australia
WYS,West Yellowstone MT
XAD,Churchill MB - Rail service
XAK,Herning Denmark
XAP,Chapeco Brazil
XAW,Capreol ON - Rail service
XAX,Montreal QC - Dorval Rail service
XAZ,Campbellton NB - Rail service
XBE,Bearskin Lake ON
XBR,Brockville ON
XCH,Christmas Island Christmas Island
XCI,Chambord QC - Rail service
XCM,Chatham ON
XDB,Lille France - Rail service
XDD,Gaspe QC - Rail service
XDG,Halifax NS - Rail service
XDH,Jasper AB - Rail service
XDL,Chandler QC - Rail service
XDM,Drummondville QC - Rail service
XDP,Moncton NB - Rail service
XDQ,London ON - Rail service
XDS,Ottawa ON - Rail service
XDU,Hervey QC - Rail service
XDV,Prince George BC - Rail service
XDW,Prince Rupert BC - Rail service
XDX,Sarnia ON - Rail service
XDY,Sudbury ON - Rail service
XDZ,The Pas MB - Rail service
XEA,Vancouver BC - Rail service
XEC,Windsor ON - Rail service
XEE,Lac Edouard QC - Rail service
XEF,Winnipeg MB - Rail service
XEG,Kingston ON - Rail service
XEH,Ladysmith BC - Rail service
XEJ,Langford BC - Rail service
XEK,Melville SK - Rail service
XEL,New Carlisle QC - Rail service
XEM,New Richmond QC - Rail service
XER,Strasbourg France - Bus service
XEY,Miramichi NB - Rail service
XFC,Fredericton Junction NB - Rail service
XFE,Parent QC - Rail service
XFG,Perce QC - Rail service
XFK,Senneterre QC - Rail service
XFL,Shawinigan QC - Rail service
XFM,Shawnigan BC - Rail service
XFN,Xiangfan China
XFQ,Weymont QC - Rail service
XFS,AlexandriaON - Rail service
XFV,Brantford ON - Rail service
XFW,Finkenwerder Germany
XFY,Quebec QC - Sainte-Foy Rail service
XGJ,Cobourg ON - Rail service
XGK,Coteau QC - Rail service
XGR,Kangiqsualujjuaq QC
XGY,Grimsby ON
XHH,Boulder CO - Bus service
XHM,Georgetown ON - Rail service
XHS,Chemainus BC - Rail service
XIA,Guelph ON - Rail service
XIB,Ingersoll ON - Rail service
XIC,Xichang China
XID,Maxville ON - Rail service
XIF,Napanee ON - Rail service
XII,Prescott ON - Rail service
XIL,Xilinhot China
XIM,Saint Hyacinthe QC - Rail service
XIO,St Marys ON - Rail service
XIP,Woodstock ON - Rail service
XIY,Xi An China - Xianyang
XJL,Joliette QC - Rail service
XJQ,Jonquiere QC - Rail service
XKH,Xieng Khouang Laos
XKS,Kasabonika ON
XKV,Sackville NB - Rail service
XLB,Lac Brochet MB
XLJ,Quebec QC - Quebec Station Rail service
XLK,Quebec QC - Levis Rail service
XLM,Montreal QC - St Lambert Rail service
XLQ,Toronto ON - Guildwood Rail service
XLV,Niagara Falls ON - Rail service
XLY,Aldershot ON - Rail service
XLZ,Truro NS - Rail service
XMH,Manihi French Polynesia
XMN,Xiamen China
XMS,Macas Ecuador
XMY,Yam Island QL Australia
XNA,Fayetteville AR - Northwest Arkansas Regional
XNB,Dubai United Arab Emirates - Bus Station
XNN,Xining China
XOP,Poitiers France - Rail service
XPB,Parksville BC - Rail service
XPK,Pukatawagan MB -
XPN,Brampton ON - Rail service
XPX,Pointe-aux-Trembles QC - Rail service
XPZ,Saint Tropez France
XQP,Quepos Costa Rica
XQU,Qualicum BC
XRP,Riviere-a-Pierre QC - Rail service
XRY,Jerez De La Frontere Spain
XSC,South Caicos Turks and Caicos Islands
XSH,Tours France - Rail service
XSI,South Indian Lake MB
XSP,Singapore Singapore - Seletar
XTG,Thargomindah QL Australia
XTL,Tadoule Lake MB
XTY,Strathroy ON - Rail service
XUZ,Xuzhou China
XVS,Valenciennes France
XVV,Belleville ON - Rail service
XWA,Watford ON - Rail service
XWY,Wyoming ON - Rail service
XYA,Yandina Solomon Islands
XYD,Lyon France - Lyon Part-Dieu Rail service
XZB,Casselman ON - Rail service
XZC,Glencoe ON - Rail service
XZL,Edmonton AB - Rail service
YAA,Anahim Lake BC
YAB,Arctic Bay NU
YAC,Cat Lake ON
YAG,Fort Frances ON
YAI,Chillan Chile
YAK,Yakutat AK
YAM,Sault Ste-Marie ON
YAO,Yaounde Cameroon
YAP,Yap Micronesia
YAT,Attawapiskat ON
YAX,Angling Lake ON
YAY,St Anthony NL
YAZ,Tofino BC
YBB,Kugaaruk NU
YBC,Baie Comeau QC
YBE,Uranium City SK
YBG,Bagotville QC
YBI,Black Tickle NL
YBK,Baker Lake NU
YBL,Campbell River BC
YBP,Yibin China
YBR,Brandon MB
YBS,Opapamiska Lake ON
YBT,Brochet MB
YBV,Berens River MB
YBX,Blanc Sablon QC
YBZ,Toronto ON - Downtown Rail service
YCA,Courtenay BC
YCB,Cambridge Bay NU
YCC,Cornwall ON
YCD,Nanaimo BC - Cassidy Airport
YCG,Castlegar BC
YCK,Colville Lake NT
YCM,St Catharines ON
YCO,Kugluktuk/Coppermine NU
YCR,Cross Lake MB
YCS,Chesterfield Inlet NU
YCY,Clyde River NU
YDA,Dawson City YT
YDF,Deer Lake NL
YDI,Davis Inlet NL
YDN,Dauphin MB
YDP,Nain NL
YDQ,Dawson Creek BC
YEG,Edmonton AB - International
YEK,Arviat NU
YER,Fort Severn ON
YEV,Inuvik NT
YFA,Fort Albany ON
YFB,Iqaluit NU
YFC,Fredericton NB
YFH,Fort Hope ON
YFJ,Snare Lake NT
YFO,Flin Flon MB
YFS,Fort Simpson NT
YFX,Fox Harbour/St Lewis NL
YFZ,Quebec QC - Charny Rail service
YGB,Gillies Bay BC
YGH,Fort Good Hope NT
YGJ,Yonago Japan
YGK,Kingston ON - Norman Rogers Airport
YGL,La Grande QC
YGO,Gods Narrows MB
YGP,Gaspe QC
YGR,Iles De La Madeleine QC
YGT,Igloolik NU
YGV,Havre St Pierre QC
YGW,Kuujjuarapik QC
YGX,Gillam MB
YGZ,Grise Fiord NU
YHA,Port Hope Simpson NL
YHB,Hudson Bay SK
YHD,Dryden ON
YHG,Charlottetown NL
YHI,Holman NT
YHK,Gjoa Haven NU
YHM,Hamilton ON
YHO,Hopedale NL
YHP,Poplar Hill ON
YHR,Chevery QC
YHY,Hay River NT
YHZ,Halifax NS - International
YIF,Pakuashipi QC
YIH,Yichang China
YIK,Ivujivik QC
YIN,Yining China
YIO,Pond Inlet NU
YIV,Island Lake/Garden Hill
YIV,Island Lake/Garden Hill Canada
YIW,Yiwu China
YJT,Stephenville NL
YKA,Kamloops BC
YKF,Kitchener ON
YKG,Kangirsuk QC
YKL,Schefferville QC
YKM,Yakima WA
YKQ,Waskaganish QC
YKS,Yakutsk Russia
YKT,Klemtu BC
YKU,Chisasibi QC
YLC,Kimmirut/Lake Harbour NU
YLC,Kimmirut/Lake Harbour Canada
YLD,Chapleau ON
YLE,Wha Ti/Lac La Martre NT
YLH,Lansdowne House ON
YLL,Lloydminister AB
YLQ,La Tuque QC
YLR,Leaf Rapids MB
YLW,Kelowna BC
YMH,Mary's Harbour NL
YMM,Fort Mcmurray AB
YMO,Moosonee ON
YMQ,Montreal QC - all airports
YMT,Chibougamau QC
YMX,Montreal QC - Mirabel
YMY,Montreal QC - Downtown Rail service
YNA,Natashquan QC
YNB,Yanbu Saudi Arabia
YNC,Wemindji QC
YNE,Norway House MB
YNG,Youngstown OH
YNJ,Yanji China
YNL,Points North Landing SK
YNO,North Spirit Lake ON
YNS,Nemiscau QC
YNT,Yantai China
YNZ,Yancheng China
YOC,Old Crow YT
YOG,Ogoki ON
YOH,Oxford House MB
YOJ,High Level AB
YOO,Oshawa ON
YOP,Rainbow Lake AB
YOW,Ottawa ON - International
YPA,Prince Albert SK
YPB,Port Alberni BC
YPC,Paulatuk NT
YPE,Peace River AB
YPF,Esquimalt BC
YPH,Inukjuak QC
YPJ,Aupaluk QC
YPL,Pickle Lake ON
YPM,Pikangikum ON
YPN,Port Meiner QC
YPO,Peawanuck ON
YPR,Prince Rupert BC - Digby Island Airport
YPW,Powell River BC
YPX,Povungnituk QC
YPY,Fort Chipewyan AB
YPZ,Burns Lake BC
YQB,Quebec QC - International Airport
YQC,Quaqtaq QC
YQD,The Pas MB
YQG,Windsor ON
YQI,Yarmouth NS
YQK,Kenora ON
YQL,Lethbridge AB
YQM,Moncton NB - Airport
YQN,Nakina ON
YQQ,Comox BC
YQR,Regina SK
YQT,Thunder Bay ON
YQU,Grande Prairie AB
YQX,Gander NL
YQY,Sydney NS
YQZ,Quesnel BC
YRA,Rae Lakes NT
YRB,Resolute NU
YRF,Cartwright NL
YRG,Rigolet NL
YRJ,Roberval QC
YRL,Red Lake ON
YRS,Red Sucker Lake MB
YRT,Rankin Inlet NU
YSB,Sudbury ON
YSF,Stony Rapids SK
YSG,Lutselke/Snowdrift NT
YSH,Smith Falls ON
YSJ,Saint John NB
YSK,Sanikiluaq NU
YSL,Saint Leonard NB
YSM,Fort Smith NT
YSO,Postville NL
YSR,Nanisivik NU
YST,Ste Therese Point MB
YSY,Sachs Harbour NT
YTA,Pembroke ON
YTD,Thicket Portage MB
YTE,Cape Dorset NU
YTF,Alma QC
YTH,Thompson MB
YTL,Big Trout ON
YTQ,Tasiujuaq QC
YTS,Timmins ON
YTZ,Toronto ON - Toronto Island Airport
YUB,Tuktoyaktuk NT
YUD,Umiujag QC
YUL,Montreal QC - Dorval
YUM,Yuma AZ
YUT,Repulse Bay NU
YUX,Hall Beach NU
YUY,Noranda/Rouyn QC
YUY,Rouyn/Noranda QC
YVB,Bonaventure QC
YVC,La Ronge SK
YVM,Qikiqtarjuaq NU
YVO,Val-d'Or QC
YVP,Kuujjuaq QC
YVQ,Norman Wells NT
YVR,Vancouver BC
YVR,Vancouver BC - International
YVZ,Deer Lake ON
YWB,Kangiqsujuaq QC
YWG,Winnipeg MB - International
YWH,Victoria BC - Inner Harbor
YWJ,Deline NT
YWK,Wabush NL
YWL,Williams Lake BC
YWM,Williams Harbour NL
YWP,Webequie ON
YWR,White River ON
YXC,Cranbrook BC
YXE,Saskatoon SK
YXH,Medicine Hat AB
YXJ,Fort St John BC
YXK,Rimouski QC
YXL,Sioux Lookout ON
YXN,Whale Cove NU
YXP,Pangnirtung NU
YXS,Prince George BC
YXT,Terrace BC
YXU,London ON - Municipal Airport
YXX,Abbotsford BC
YXY,Whitehorse YT
YYB,North Bay ON
YYC,Calgary AB
YYD,Smithers BC
YYE,Fort Nelson BC
YYF,Penticton BC
YYG,Charlottetown PE
YYH,Taloyoak NU
YYJ,Victoria BC - International
YYQ,Churchill MB
YYR,Goose Bay NL
YYT,Saint Johns NL
YYU,Kapuskasing ON
YYY,Mont Joli QC
YYZ,Toronto ON - International
YZF,Yellowknife NT
YZG,Salluit QC
YZR,Sarnia ON
YZS,Coral Harbour NU
YZT,Port Hardy BC
YZV,Sept-Iles QC
ZAC,York Landing MB
ZAD,Zadar Croatia
ZAG,Zagreb Croatia
ZAH,Zahedan Iran
ZAL,Valdivia Chile
ZAM,Zamboanga Philippines
ZAQ,Nuremberg Germany - Rail service
ZAT,Zhaotong China
ZAY,Antwerp Belgium - Bus service
ZAZ,Zaragoza Spain and Canary Islands
ZBB,Esbjerg Denmark - Rail service
ZBF,Bathhurst NB
ZBJ,Fredericia Denmark
ZBQ,Odense Denmark
ZBR,Chah-Bahar Iran
ZBV,Beaver Creek CO - Van service
ZBY,Sayaboury Laos
ZCO,Temuco Chile
ZDH,Basel/Mulhouse Railway Station Switzerland
ZDJ,Berne Switzerland - Rail service
ZDN,Brno Czech Republic - Bus service
ZEG,Senggo Indonesia
ZEL,Bella Bella BC
ZEM,East Main QC
ZFD,Fond du Lac SK
ZFN,Tulita/Fort Norman NT
ZGC,Lanzhou China
ZGI,Gods River MB
ZGS,Gethsemani QC
ZGU,Gaua Vanuatu
ZHA,Zhanjiang China
ZHO,Houston BC - Bus station
ZHQ,Halberstadt Germany
ZID,Aarhus Denmark - Bus service
ZIH,Ixtapa Mexico
ZIH,Zihuatanejo/Ixtapa Mexico
ZJN,Swan River MB
ZKB,Kasaba Bay Zambia
ZKE,Kaschechewan ON
ZKG,Kegaska QC
ZLN,Le Mans France
ZLO,Manzanillo Mexico
ZLT,La Tabatiere QC
ZNA,Nanaimo BC - Harbour Airport
ZNE,Newman WA Australia
ZNZ,Zanzibar Tanzania - Kisauni
ZPB,Sachigo Lake ON
ZQN,Queenstown New Zealand
ZRF,Rockford IL - Park&Ride Bus
ZRH,Zurich Switzerland
ZRI,Servi Indonesia
ZRJ,Round Lake ON
ZRK,Rockford IL - Van Galder Bus
ZRM,Sarmi Indonesia
ZSA,San Salvador Bahamas
ZSE,St. Pierre de la Reunion Reunion
ZSJ,Sandy Lake ON
ZTB,Tete-a-La Baleine QC
ZTH,Zakinthos Island Greece
ZTM,Shamattawa MB
ZUH,Zhuhai China
ZUM,Churchill Falls NL
ZVA,Miandrivazo Madagascar
ZVK,Savannakhet Laos
ZWL,Wollaston Lake SK
ZWS,Stuttgart Germany - Rail service
ZXM,Rognan Norway
ZYL,Sylhet Bangladesh
ZYR,Brussels Belgium - Rail service
ZZU,Mzuzu Malawi
ABI,Abilene TX
ABJ,Abidjan Cote d'Ivoire
ABK,Kabri Dar Ethiopia
ABL,Ambler AK
ABM,Bamaga Australia
ABQ,Albuquerque NM
ABR,Aberdeen SD
ABS,Abu Simbel Egypt
ABT,Al-Baha Saudi Arabia
ABV,Abuja Nigeria
ABX,Albury Australia
ABZ,Aberdeen United Kingdom
ACA,Acapulco Mexico
ACC,Accra Ghana
ACE,Lanzarote Spain
ACH,Altenrhein Switzerland
ACI,Alderney United Kingdom
ACK,Nantucket MA
ACT,Waco TX
ACV,Arcata CA
ACV,Eureka/Arcata CA
ADA,Adana Turkey
ADB,Izmir Turkey